model,scheme,macro_f1,kappa,accuracy,f1_merged_class,f1_Barley,f1_Canola,f1_Lucerne/Medics,f1_Small grain grazing,f1_Wheat,f1_Wheat/Barley,f1_Cereals
TabNet (pixel),5-class,0.603,0.5363,0.7259,,0.5507,0.8127,0.878,0.2958,0.4778,,
TabNet (pixel),wheat+barley,0.6806,0.6021,0.7731,0.736,,0.8127,0.878,0.2958,,0.736,
TabNet (pixel),all cereals,0.8169,0.6824,0.8352,0.7599,,0.8127,0.878,,,,0.7599
L-TAE-S (field),5-class,0.6012,0.5155,0.7039,,0.4768,0.8413,0.8643,0.371,0.4523,,
L-TAE-S (field),wheat+barley,0.6878,0.5762,0.7495,0.6745,,0.8413,0.8643,0.371,,0.6745,
L-TAE-S (field),all cereals,0.8252,0.6758,0.829,0.7699,,0.8413,0.8643,,,,0.7699
L-TAE-S (pixel),5-class,0.5987,0.5274,0.7126,,0.4963,0.7552,0.8747,0.3995,0.4677,,
L-TAE-S (pixel),wheat+barley,0.6791,0.5846,0.7561,0.6871,,0.7552,0.8747,0.3995,,0.6871,
L-TAE-S (pixel),all cereals,0.803,0.682,0.834,0.779,,0.7552,0.8747,,,,0.779
L-TAE (field),5-class,0.5939,0.4707,0.658,,0.5263,0.7863,0.8154,0.3508,0.4907,,
L-TAE (field),wheat+barley,0.6615,0.5207,0.7006,0.6934,,0.7863,0.8154,0.3508,,0.6934,
L-TAE (field),all cereals,0.7805,0.6001,0.783,0.7398,,0.7863,0.8154,,,,0.7398
Transformer (pixel),5-class,0.5772,0.5029,0.6936,,0.4965,0.6726,0.8635,0.3928,0.4605,,
Transformer (pixel),wheat+barley,0.6607,0.568,0.7429,0.714,,0.6726,0.8635,0.3928,,0.714,
Transformer (pixel),all cereals,0.7667,0.6507,0.817,0.7639,,0.6726,0.8635,,,,0.7639
TempCNN (pixel),5-class,0.5737,0.4887,0.6923,,0.521,0.6697,0.8572,0.3761,0.4444,,
TempCNN (pixel),wheat+barley,0.6517,0.5517,0.7383,0.7037,,0.6697,0.8572,0.3761,,0.7037,
TempCNN (pixel),all cereals,0.7593,0.6332,0.8099,0.7509,,0.6697,0.8572,,,,0.7509
XGBoost (field),5-class,0.5648,0.4743,0.6969,,0.471,0.7336,0.8598,0.3587,0.4008,,
XGBoost (field),wheat+barley,0.638,0.5129,0.7246,0.5997,,0.7336,0.8598,0.3587,,0.5997,
XGBoost (field),all cereals,0.7749,0.6285,0.8108,0.7313,,0.7336,0.8598,,,,0.7313
LightGBM (pixel),5-class,0.5633,0.4694,0.6994,,0.4211,0.7937,0.8476,0.297,0.4571,,
LightGBM (pixel),wheat+barley,0.6476,0.5237,0.7371,0.6523,,0.7937,0.8476,0.297,,0.6523,
LightGBM (pixel),all cereals,0.7784,0.5984,0.7967,0.694,,0.7937,0.8476,,,,0.694
Logistic Regression (pixel),5-class,0.563,0.4706,0.694,,0.4661,0.7184,0.8435,0.3112,0.4755,,
Logistic Regression (pixel),wheat+barley,0.6416,0.5304,0.7366,0.6931,,0.7184,0.8435,0.3112,,0.6931,
Logistic Regression (pixel),all cereals,0.7606,0.6013,0.7967,0.7198,,0.7184,0.8435,,,,0.7198
LightGBM (field),5-class,0.5588,0.4526,0.6903,,0.4865,0.7368,0.8479,0.2973,0.4254,,
LightGBM (field),wheat+barley,0.6234,0.489,0.7168,0.6115,,0.7368,0.8479,0.2973,,0.6115,
LightGBM (field),all cereals,0.7598,0.5902,0.7934,0.6946,,0.7368,0.8479,,,,0.6946
Voting (pixel),5-class,0.5573,0.4761,0.6994,,0.3498,0.8429,0.8543,0.2645,0.4748,,
Voting (pixel),wheat+barley,0.6612,0.5458,0.7466,0.683,,0.8429,0.8543,0.2645,,0.683,
Voting (pixel),all cereals,0.804,0.6259,0.8091,0.7147,,0.8429,0.8543,,,,0.7147
Random Forest (pixel),5-class,0.5479,0.4507,0.6857,,0.4489,0.8162,0.8459,0.2523,0.3762,,
Random Forest (pixel),wheat+barley,0.6361,0.5083,0.7263,0.63,,0.8162,0.8459,0.2523,,0.63,
Random Forest (pixel),all cereals,0.7833,0.5977,0.7946,0.6878,,0.8162,0.8459,,,,0.6878
XGBoost (pixel),5-class,0.544,0.474,0.689,,0.3789,0.7259,0.8567,0.2989,0.4598,,
XGBoost (pixel),wheat+barley,0.6314,0.5313,0.7313,0.6442,,0.7259,0.8567,0.2989,,0.6442,
XGBoost (pixel),all cereals,0.7733,0.6321,0.8091,0.7374,,0.7259,0.8567,,,,0.7374
L-TAE (pixel),5-class,0.5395,0.3988,0.6017,,0.4709,0.6667,0.7666,0.3636,0.4294,,
L-TAE (pixel),wheat+barley,0.6162,0.454,0.6493,0.668,,0.6667,0.7666,0.3636,,0.668,
L-TAE (pixel),all cereals,0.711,0.5106,0.7325,0.6996,,0.6667,0.7666,,,,0.6996
TempCNN (field),5-class,0.5355,0.426,0.6232,,0.4605,0.6463,0.808,0.4061,0.3565,,
TempCNN (field),wheat+barley,0.6051,0.4776,0.6725,0.56,,0.6463,0.808,0.4061,,0.56,
TempCNN (field),all cereals,0.7277,0.5694,0.7669,0.729,,0.6463,0.808,,,,0.729
Stacking (field),5-class,0.5328,0.4777,0.67,,0.4689,0.6129,0.853,0.429,0.3002,,
Stacking (field),wheat+barley,0.6176,0.5221,0.7048,0.5756,,0.6129,0.853,0.429,,0.5756,
Stacking (field),all cereals,0.7415,0.6365,0.8,0.7585,,0.6129,0.853,,,,0.7585
CNN-BiLSTM (pixel),5-class,0.5134,0.3874,0.5847,,0.3285,0.6697,0.7584,0.368,0.4423,,
CNN-BiLSTM (pixel),wheat+barley,0.5968,0.4413,0.6414,0.5913,,0.6697,0.7584,0.368,,0.5913,
CNN-BiLSTM (pixel),all cereals,0.7084,0.5015,0.7271,0.6971,,0.6697,0.7584,,,,0.6971
CNN-BiLSTM (field),5-class,0.506,0.3256,0.5122,,0.3869,0.7649,0.6433,0.3268,0.4079,,
CNN-BiLSTM (field),wheat+barley,0.5929,0.3853,0.5714,0.6367,,0.7649,0.6433,0.3268,,0.6367,
CNN-BiLSTM (field),all cereals,0.6936,0.4226,0.665,0.6725,,0.7649,0.6433,,,,0.6725
3D CNN (patch),5-class,0.5035,0.2898,0.5052,,0.4438,0.7296,0.645,0.2804,0.4185,,
3D CNN (patch),wheat+barley,0.5777,0.3399,0.554,0.6557,,0.7296,0.645,0.2804,,0.6557,
3D CNN (patch),all cereals,0.669,0.3662,0.6429,0.6323,,0.7296,0.645,,,,0.6323
SMOTE Stacked (field),5-class,0.4887,0.4267,0.6667,,0.4041,0.5479,0.8424,0.2559,0.3933,,
SMOTE Stacked (field),wheat+barley,0.5638,0.4777,0.7031,0.6089,,0.5479,0.8424,0.2559,,0.6089,
SMOTE Stacked (field),all cereals,0.6793,0.5459,0.7611,0.6475,,0.5479,0.8424,,,,0.6475
Multi-Channel 2D CNN (patch),5-class,0.4464,0.299,0.5271,,0.3642,0.6938,0.7101,0.2487,0.2153,,
Multi-Channel 2D CNN (patch),wheat+barley,0.5409,0.3638,0.5945,0.5111,,0.6938,0.7101,0.2487,,0.5111,
Multi-Channel 2D CNN (patch),all cereals,0.6817,0.4262,0.6806,0.6413,,0.6938,0.7101,,,,0.6413
TabNet raw field-avg (field),5-class,0.4333,0.3121,0.5441,,0.3429,0.5138,0.7462,0.3177,0.2458,,
TabNet raw field-avg (field),wheat+barley,0.526,0.3614,0.5892,0.5262,,0.5138,0.7462,0.3177,,0.5262,
TabNet raw field-avg (field),all cereals,0.6446,0.4591,0.7027,0.6737,,0.5138,0.7462,,,,0.6737
TabNet xr_fresh (field),5-class,0.3696,0.2526,0.6199,,0.3689,0.3736,0.7802,0.0316,0.2938,,
TabNet xr_fresh (field),wheat+barley,0.4217,0.2938,0.6497,0.5012,,0.3736,0.7802,0.0316,,0.5012,
TabNet xr_fresh (field),all cereals,0.5367,0.3241,0.6812,0.4564,,0.3736,0.7802,,,,0.4564
