gamma,n_head,entropy_lambda,tag,oor_f1m,oor_kappa,oor_acc,seed_f1m_mean,seed_f1m_sd,inregion_f1m,train_sec
1.0,4,0.0,g1.0_h4_lam0,0.6069,0.5032,0.6932,0.5745,0.028,0.6425,47.4
1.0,8,0.0,g1.0_h8_lam0,0.6077,0.5142,0.706,0.5669,0.0094,0.6695,76.6
1.0,16,0.0,g1.0_h16_lam0,0.5862,0.5026,0.6986,0.5625,0.0221,0.6796,102.5
1.0,32,0.0,g1.0_h32_lam0,0.5781,0.4741,0.6807,0.5498,0.0105,0.6813,166.8
1.2,4,0.0,g1.2_h4_lam0,0.6008,0.5047,0.7002,0.5718,0.02,0.684,83.6
1.2,8,0.0,g1.2_h8_lam0,0.6117,0.5249,0.7143,0.5801,0.0122,0.6727,71.1
1.2,16,0.0,g1.2_h16_lam0,0.5948,0.495,0.694,0.576,0.0196,0.6617,127.7
1.2,32,0.0,g1.2_h32_lam0,0.597,0.4916,0.6849,0.5631,0.0123,0.654,142.4
1.5,4,0.0,g1.5_h4_lam0,0.6081,0.5087,0.7031,0.5721,0.0142,0.6421,63.0
1.5,8,0.0,g1.5_h8_lam0,0.5984,0.5097,0.7023,0.5671,0.0265,0.6508,60.4
1.5,16,0.0,g1.5_h16_lam0,0.6012,0.5155,0.7039,0.5621,0.0243,0.6431,77.1
1.5,32,0.0,g1.5_h32_lam0,0.5841,0.5054,0.7002,0.5485,0.004,0.6464,131.5
2.0,4,0.0,g2.0_h4_lam0,0.6146,0.5284,0.7147,0.5831,0.0067,0.6354,46.7
2.0,8,0.0,g2.0_h8_lam0,0.6106,0.5362,0.7217,0.5659,0.0209,0.6343,55.8
2.0,16,0.0,g2.0_h16_lam0,0.597,0.5218,0.711,0.5613,0.0282,0.6351,94.4
2.0,32,0.0,g2.0_h32_lam0,0.5895,0.5083,0.6973,0.5497,0.023,0.6207,159.6
3.0,4,0.0,g3.0_h4_lam0,0.615,0.533,0.7172,0.5799,0.0105,0.6547,55.7
3.0,8,0.0,g3.0_h8_lam0,0.587,0.505,0.6986,0.5556,0.024,0.6571,74.1
3.0,16,0.0,g3.0_h16_lam0,0.5812,0.4992,0.6957,0.5561,0.0069,0.63,95.7
3.0,32,0.0,g3.0_h32_lam0,0.1608,0.0625,0.1702,0.2912,0.1197,0.2723,104.3
1.5,16,0.001,g1.5_h16_lam0.001,0.6014,0.5125,0.7072,0.5724,0.019,0.6599,102.8
1.5,16,0.01,g1.5_h16_lam0.01,0.5944,0.5086,0.7019,0.5661,0.0196,0.6416,81.0
1.5,16,0.1,g1.5_h16_lam0.1,0.606,0.5171,0.7085,0.5661,0.0151,0.6541,80.8
