Model A,Model B,Delta,Delta_lo,Delta_hi,p_two_sided,significant_95
TabNet (pixel),CNN-BiLSTM (pixel),0.0896,0.0565,0.1228,0.0,True
TabNet (pixel),L-TAE-S (pixel),0.0044,-0.0293,0.0384,0.803,False
TabNet (pixel),L-TAE (pixel),0.0636,0.0298,0.0977,0.0,True
L-TAE-S Field (field),L-TAE (pixel),0.0617,0.0273,0.0961,0.0004,True
L-TAE-S (pixel),CNN-BiLSTM (pixel),0.0853,0.0502,0.1193,0.0,True
L-TAE Field (field),L-TAE (pixel),0.0544,0.0198,0.0887,0.0028,True
CNN-BiLSTM Field (field),CNN-BiLSTM (pixel),-0.0074,-0.0406,0.025,0.6606,False
TabNet (pixel),TabNet Temporal Field (field),0.1697,0.1365,0.2032,0.0,True
XGBoost (field),Base XGBoost (pixel),0.0207,-0.0156,0.0564,0.255,False
