model,logodds_per_10km,ci_lo,ci_hi,p
TabNet (pixel),1.2471,0.7124,1.7818,0.0
L-TAE-S (field),1.9861,1.4573,2.5149,0.0
L-TAE-S (pixel),0.6092,0.1539,1.0645,0.0087
L-TAE (field),1.3328,0.8532,1.8123,0.0
Transformer (pixel),-0.0174,-0.4595,0.4247,0.9385
TempCNN (pixel),0.4213,-0.0231,0.8658,0.0632
XGBoost (field),1.0867,0.6303,1.5431,0.0
LightGBM (pixel),1.8255,1.3373,2.3137,0.0
Logistic Regression (pixel),0.9994,0.5433,1.4554,0.0
LightGBM (field),1.0406,0.5843,1.4969,0.0
Voting (pixel),2.5749,2.0389,3.1108,0.0
Random Forest (pixel),1.8857,1.3676,2.4038,0.0
XGBoost (pixel),1.8671,1.3799,2.3544,0.0
L-TAE (pixel),0.5853,0.1393,1.0313,0.0101
TempCNN (field),0.7747,0.3253,1.2241,0.0007
Stacking (field),1.9482,1.4165,2.4798,0.0
CNN-BiLSTM (pixel),-0.1533,-0.5991,0.2926,0.5005
CNN-BiLSTM (field),2.2483,1.731,2.7655,0.0
3D CNN (patch),0.9151,0.4608,1.3694,0.0001
SMOTE Stacked (field),1.8414,1.3531,2.3298,0.0
Multi-Channel 2D CNN (patch),1.2845,0.7698,1.7992,0.0
TabNet raw field-avg (field),0.3042,-0.1393,0.7476,0.1789
TabNet xr_fresh (field),-0.1605,-0.6632,0.3423,0.5316
