model,0–5,5–10,10–15,15–24,range,min_band
TabNet (pixel),0.638,0.591,0.531,0.582,0.107,10–15
L-TAE-S (field),0.646,0.592,0.54,0.572,0.106,10–15
L-TAE-S (pixel),0.652,0.573,0.525,0.55,0.126,10–15
L-TAE (field),0.645,0.571,0.495,0.583,0.151,10–15
Transformer (pixel),0.65,0.531,0.409,0.567,0.241,10–15
TempCNN (pixel),0.66,0.581,0.326,0.488,0.335,10–15
XGBoost (field),0.626,0.555,0.299,0.528,0.327,10–15
LightGBM (pixel),0.621,0.574,0.339,0.531,0.283,10–15
Logistic Regression (pixel),0.623,0.535,0.356,0.548,0.267,10–15
LightGBM (field),0.627,0.553,0.335,0.503,0.292,10–15
Voting (pixel),0.608,0.546,0.417,0.515,0.192,10–15
Random Forest (pixel),0.614,0.556,0.365,0.51,0.249,10–15
XGBoost (pixel),0.596,0.532,0.36,0.529,0.236,10–15
L-TAE (pixel),0.658,0.538,0.287,0.472,0.371,10–15
TempCNN (field),0.642,0.565,0.245,0.462,0.397,10–15
Stacking (field),0.632,0.569,0.324,0.46,0.307,10–15
CNN-BiLSTM (pixel),0.659,0.53,0.274,0.484,0.385,10–15
CNN-BiLSTM (field),0.615,0.552,0.282,0.456,0.333,10–15
3D CNN (patch),0.614,0.555,0.283,0.442,0.33,10–15
SMOTE Stacked (field),0.567,0.487,0.266,0.494,0.301,10–15
Multi-Channel 2D CNN (patch),0.616,0.468,0.247,0.429,0.369,10–15
TabNet raw field-avg (field),0.498,0.437,0.26,0.422,0.238,10–15
TabNet xr_fresh (field),0.462,0.324,0.167,0.351,0.295,10–15
