model,band_km,n_fields,macro_f1,ci_lo,ci_hi,accuracy
TabNet (pixel),0–5,520,0.638,0.5899,0.6798,0.7038
TabNet (pixel),5–10,529,0.5907,0.5395,0.6354,0.6541
TabNet (pixel),10–15,559,0.5308,0.4606,0.5936,0.7406
TabNet (pixel),15–24,807,0.5823,0.5392,0.6221,0.777
L-TAE-S (field),0–5,520,0.6457,0.5995,0.6899,0.7038
L-TAE-S (field),5–10,529,0.592,0.5385,0.6366,0.6408
L-TAE-S (field),10–15,559,0.5401,0.4574,0.6083,0.6869
L-TAE-S (field),15–24,807,0.572,0.5281,0.6132,0.7571
L-TAE-S (pixel),0–5,520,0.6516,0.6067,0.6948,0.7077
L-TAE-S (pixel),5–10,529,0.5729,0.5163,0.6267,0.6597
L-TAE-S (pixel),10–15,559,0.5251,0.4441,0.5932,0.7352
L-TAE-S (pixel),15–24,807,0.5495,0.5061,0.589,0.7348
L-TAE (field),0–5,520,0.6454,0.5999,0.6863,0.6981
L-TAE (field),5–10,529,0.5713,0.5111,0.6254,0.6219
L-TAE (field),10–15,559,0.4948,0.406,0.574,0.5903
L-TAE (field),15–24,807,0.5827,0.5399,0.6197,0.7026
Transformer (pixel),0–5,520,0.6505,0.6054,0.6925,0.7058
Transformer (pixel),5–10,529,0.5312,0.4714,0.5833,0.6465
Transformer (pixel),10–15,559,0.4093,0.3575,0.4561,0.6923
Transformer (pixel),15–24,807,0.5669,0.5203,0.6072,0.7175
TempCNN (pixel),0–5,520,0.6604,0.615,0.7021,0.7135
TempCNN (pixel),5–10,529,0.5809,0.5154,0.6351,0.6654
TempCNN (pixel),10–15,559,0.3257,0.2957,0.3548,0.7013
TempCNN (pixel),15–24,807,0.4881,0.4437,0.531,0.6902
XGBoost (field),0–5,520,0.6255,0.5777,0.6689,0.6885
XGBoost (field),5–10,529,0.5554,0.4891,0.612,0.6503
XGBoost (field),10–15,559,0.2986,0.234,0.3566,0.6905
XGBoost (field),15–24,807,0.528,0.4879,0.5685,0.7373
LightGBM (pixel),0–5,520,0.6212,0.575,0.6652,0.6865
LightGBM (pixel),5–10,529,0.574,0.5161,0.6273,0.6578
LightGBM (pixel),10–15,559,0.3386,0.276,0.3906,0.6762
LightGBM (pixel),15–24,807,0.5314,0.4905,0.5712,0.7509
Logistic Regression (pixel),0–5,520,0.6229,0.5789,0.666,0.6962
Logistic Regression (pixel),5–10,529,0.5354,0.4758,0.5919,0.6465
Logistic Regression (pixel),10–15,559,0.3557,0.2873,0.4187,0.6869
Logistic Regression (pixel),15–24,807,0.5475,0.5028,0.5893,0.7286
LightGBM (field),0–5,520,0.6272,0.5813,0.6685,0.6904
LightGBM (field),5–10,529,0.5529,0.4845,0.6118,0.6389
LightGBM (field),10–15,559,0.3351,0.2713,0.3871,0.6887
LightGBM (field),15–24,807,0.5028,0.4617,0.5394,0.7249
Voting (pixel),0–5,520,0.6083,0.5592,0.6519,0.6865
Voting (pixel),5–10,529,0.5464,0.4919,0.5939,0.6276
Voting (pixel),10–15,559,0.4165,0.3627,0.4613,0.6959
Voting (pixel),15–24,807,0.5154,0.4809,0.5487,0.7571
Random Forest (pixel),0–5,520,0.6143,0.5714,0.6565,0.6846
Random Forest (pixel),5–10,529,0.556,0.4994,0.607,0.6314
Random Forest (pixel),10–15,559,0.3652,0.3068,0.4141,0.6708
Random Forest (pixel),15–24,807,0.51,0.4698,0.5476,0.7323
XGBoost (pixel),0–5,520,0.5958,0.5518,0.6396,0.6654
XGBoost (pixel),5–10,529,0.5322,0.4717,0.585,0.6446
XGBoost (pixel),10–15,559,0.3602,0.307,0.4077,0.6816
XGBoost (pixel),15–24,807,0.5288,0.4886,0.5709,0.7385
L-TAE (pixel),0–5,520,0.6581,0.6134,0.7,0.7154
L-TAE (pixel),5–10,529,0.5376,0.4778,0.5893,0.6219
L-TAE (pixel),10–15,559,0.2872,0.2594,0.3136,0.4848
L-TAE (pixel),15–24,807,0.4717,0.4276,0.5128,0.596
TempCNN (field),0–5,520,0.6421,0.5977,0.6816,0.6942
TempCNN (field),5–10,529,0.5652,0.5035,0.6188,0.62
TempCNN (field),10–15,559,0.2448,0.2194,0.2692,0.5259
TempCNN (field),15–24,807,0.4621,0.4172,0.5042,0.6468
Stacking (field),0–5,520,0.6316,0.588,0.6724,0.6827
Stacking (field),5–10,529,0.5689,0.5133,0.6178,0.6635
Stacking (field),10–15,559,0.3244,0.2817,0.3661,0.644
Stacking (field),15–24,807,0.4604,0.4161,0.4999,0.684
CNN-BiLSTM (pixel),0–5,520,0.6588,0.6106,0.7014,0.7192
CNN-BiLSTM (pixel),5–10,529,0.53,0.4756,0.5813,0.6144
CNN-BiLSTM (pixel),10–15,559,0.274,0.2404,0.3063,0.4132
CNN-BiLSTM (pixel),15–24,807,0.484,0.4413,0.5232,0.5973
CNN-BiLSTM (field),0–5,520,0.6151,0.5685,0.6546,0.6712
CNN-BiLSTM (field),5–10,529,0.5522,0.4991,0.6034,0.5822
CNN-BiLSTM (field),10–15,559,0.282,0.2298,0.3228,0.297
CNN-BiLSTM (field),15–24,807,0.4561,0.4202,0.4902,0.513
3D CNN (patch),0–5,521,0.6136,0.571,0.6542,0.6795
3D CNN (patch),5–10,530,0.555,0.4967,0.6053,0.5774
3D CNN (patch),10–15,559,0.2834,0.2166,0.3397,0.3041
3D CNN (patch),15–24,807,0.4418,0.4033,0.4795,0.4845
SMOTE Stacked (field),0–5,520,0.5671,0.5217,0.6091,0.6538
SMOTE Stacked (field),5–10,529,0.4868,0.4326,0.5413,0.6087
SMOTE Stacked (field),10–15,559,0.2661,0.2336,0.2984,0.6494
SMOTE Stacked (field),15–24,807,0.494,0.4485,0.5367,0.7249
Multi-Channel 2D CNN (patch),0–5,521,0.6158,0.5692,0.6591,0.691
Multi-Channel 2D CNN (patch),5–10,530,0.4676,0.4142,0.5145,0.534
Multi-Channel 2D CNN (patch),10–15,559,0.2467,0.2037,0.2848,0.3184
Multi-Channel 2D CNN (patch),15–24,807,0.4286,0.3926,0.4636,0.5613
TabNet raw field-avg (field),0–5,520,0.4985,0.4549,0.5416,0.5981
TabNet raw field-avg (field),5–10,529,0.4369,0.3805,0.4889,0.5388
TabNet raw field-avg (field),10–15,559,0.2601,0.2178,0.3074,0.4526
TabNet raw field-avg (field),15–24,807,0.4216,0.3786,0.4623,0.5762
TabNet xr_fresh (field),0–5,520,0.4619,0.4178,0.5026,0.6096
TabNet xr_fresh (field),5–10,529,0.3242,0.2608,0.3784,0.5161
TabNet xr_fresh (field),10–15,559,0.1668,0.1538,0.1836,0.6422
TabNet xr_fresh (field),15–24,807,0.3506,0.306,0.3952,0.6791
