model,bin_km,n,macro_f1,ci_lo,ci_hi,accuracy
TabNet (pixel),"(-0.001, 5.0]",520,0.638,0.59,0.68,0.704
TabNet (pixel),"(5.0, 10.0]",529,0.591,0.539,0.635,0.654
TabNet (pixel),"(10.0, 15.0]",559,0.531,0.461,0.594,0.741
TabNet (pixel),"(15.0, 25.0]",807,0.582,0.539,0.622,0.777
L-TAE-S (pixel),"(-0.001, 5.0]",520,0.652,0.608,0.695,0.708
L-TAE-S (pixel),"(5.0, 10.0]",529,0.573,0.516,0.624,0.66
L-TAE-S (pixel),"(10.0, 15.0]",559,0.525,0.442,0.596,0.735
L-TAE-S (pixel),"(15.0, 25.0]",807,0.55,0.504,0.591,0.735
L-TAE (pixel),"(-0.001, 5.0]",520,0.658,0.613,0.702,0.715
L-TAE (pixel),"(5.0, 10.0]",529,0.538,0.474,0.592,0.622
L-TAE (pixel),"(10.0, 15.0]",559,0.287,0.26,0.314,0.485
L-TAE (pixel),"(15.0, 25.0]",807,0.472,0.427,0.513,0.596
XGBoost (field),"(-0.001, 5.0]",520,0.626,0.581,0.667,0.688
XGBoost (field),"(5.0, 10.0]",529,0.555,0.488,0.616,0.65
XGBoost (field),"(10.0, 15.0]",559,0.299,0.236,0.353,0.691
XGBoost (field),"(15.0, 25.0]",807,0.528,0.487,0.566,0.737
CNN-BiLSTM (pixel),"(-0.001, 5.0]",520,0.659,0.616,0.701,0.719
CNN-BiLSTM (pixel),"(5.0, 10.0]",529,0.53,0.474,0.578,0.614
CNN-BiLSTM (pixel),"(10.0, 15.0]",559,0.274,0.24,0.306,0.413
CNN-BiLSTM (pixel),"(15.0, 25.0]",807,0.484,0.443,0.521,0.597
