region,crop,band,month,n_fields,median,q25,q75
training,Lucerne/Medics,EVI,1,1791,0.077,0.0636,0.1127
training,Lucerne/Medics,EVI,2,1791,0.1701,0.1123,0.2683
training,Lucerne/Medics,EVI,3,1791,0.1067,0.0778,0.1595
training,Lucerne/Medics,EVI,4,1791,0.0731,0.0548,0.1311
training,Lucerne/Medics,EVI,7,1791,0.1856,0.1303,0.2946
training,Lucerne/Medics,EVI,8,1791,0.264,0.1933,0.3719
training,Lucerne/Medics,EVI,9,1791,0.3219,0.2332,0.4396
training,Lucerne/Medics,EVI,10,1791,0.1669,0.1117,0.2999
training,Lucerne/Medics,EVI,11,1791,0.1354,0.0909,0.2237
training,Lucerne/Medics,EVI,12,1791,0.1296,0.087,0.2083
training,Lucerne/Medics,B11,1,1791,0.3836,0.342,0.4136
training,Lucerne/Medics,B11,2,1791,0.3364,0.2913,0.3668
training,Lucerne/Medics,B11,3,1791,0.3444,0.3049,0.3755
training,Lucerne/Medics,B11,4,1791,0.3303,0.2901,0.3647
training,Lucerne/Medics,B11,7,1791,0.2471,0.2092,0.2844
training,Lucerne/Medics,B11,8,1791,0.2666,0.2245,0.305
training,Lucerne/Medics,B11,9,1791,0.2622,0.2208,0.3008
training,Lucerne/Medics,B11,10,1791,0.3186,0.2629,0.3612
training,Lucerne/Medics,B11,11,1791,0.3649,0.325,0.3977
training,Lucerne/Medics,B11,12,1791,0.3449,0.3095,0.3732
training,Lucerne/Medics,B12,1,1791,0.2914,0.2511,0.3208
training,Lucerne/Medics,B12,2,1791,0.2333,0.1818,0.2663
training,Lucerne/Medics,B12,3,1791,0.2464,0.206,0.2767
training,Lucerne/Medics,B12,4,1791,0.2492,0.2068,0.2789
training,Lucerne/Medics,B12,7,1791,0.1722,0.1292,0.2089
training,Lucerne/Medics,B12,8,1791,0.1827,0.1376,0.2253
training,Lucerne/Medics,B12,9,1791,0.1705,0.1264,0.2159
training,Lucerne/Medics,B12,10,1791,0.2377,0.1691,0.2852
training,Lucerne/Medics,B12,11,1791,0.2767,0.2263,0.3146
training,Lucerne/Medics,B12,12,1791,0.2567,0.213,0.2911
training,Lucerne/Medics,hue,1,1791,0.0772,0.0735,0.0847
training,Lucerne/Medics,hue,2,1791,0.1028,0.0893,0.1432
training,Lucerne/Medics,hue,3,1791,0.0841,0.0784,0.0969
training,Lucerne/Medics,hue,4,1791,0.0798,0.0751,0.0923
training,Lucerne/Medics,hue,7,1791,0.1041,0.0856,0.1456
training,Lucerne/Medics,hue,8,1791,0.1277,0.1024,0.176
training,Lucerne/Medics,hue,9,1791,0.1503,0.1124,0.2127
training,Lucerne/Medics,hue,10,1791,0.0876,0.0768,0.1347
training,Lucerne/Medics,hue,11,1791,0.0911,0.0804,0.1192
training,Lucerne/Medics,hue,12,1791,0.0883,0.0804,0.1079
training,Canola,EVI,1,512,0.0646,0.0592,0.0706
training,Canola,EVI,2,512,0.0742,0.064,0.0901
training,Canola,EVI,3,512,0.0644,0.0565,0.0755
training,Canola,EVI,4,512,0.0554,0.0482,0.0653
training,Canola,EVI,7,512,0.4966,0.3523,0.5866
training,Canola,EVI,8,512,0.5012,0.4469,0.5489
training,Canola,EVI,9,512,0.5075,0.4522,0.557
training,Canola,EVI,10,512,0.2837,0.1847,0.4016
training,Canola,EVI,11,512,0.1285,0.0947,0.1658
training,Canola,EVI,12,512,0.1044,0.0756,0.1462
training,Canola,B11,1,512,0.4158,0.3988,0.4323
training,Canola,B11,2,512,0.3868,0.3635,0.4047
training,Canola,B11,3,512,0.3841,0.3624,0.4046
training,Canola,B11,4,512,0.3556,0.334,0.3808
training,Canola,B11,7,512,0.1673,0.1423,0.1985
training,Canola,B11,8,512,0.1571,0.1407,0.1808
training,Canola,B11,9,512,0.1491,0.1331,0.1692
training,Canola,B11,10,512,0.2198,0.1725,0.2858
training,Canola,B11,11,512,0.3607,0.3415,0.3797
training,Canola,B11,12,512,0.3564,0.3298,0.3755
training,Canola,B12,1,512,0.3083,0.2947,0.3222
training,Canola,B12,2,512,0.2763,0.2581,0.2913
training,Canola,B12,3,512,0.2757,0.2586,0.2923
training,Canola,B12,4,512,0.2644,0.2452,0.2829
training,Canola,B12,7,512,0.0884,0.0688,0.1192
training,Canola,B12,8,512,0.0821,0.0699,0.1052
training,Canola,B12,9,512,0.078,0.067,0.0957
training,Canola,B12,10,512,0.1474,0.1054,0.2081
training,Canola,B12,11,512,0.2637,0.2376,0.2894
training,Canola,B12,12,512,0.2573,0.2291,0.2779
training,Canola,hue,1,512,0.0709,0.0694,0.0727
training,Canola,hue,2,512,0.08,0.0758,0.0855
training,Canola,hue,3,512,0.0724,0.0692,0.0752
training,Canola,hue,4,512,0.0713,0.0695,0.0738
training,Canola,hue,7,512,0.2236,0.1719,0.2541
training,Canola,hue,8,512,0.2166,0.2,0.2265
training,Canola,hue,9,512,0.2244,0.21,0.2382
training,Canola,hue,10,512,0.12,0.0896,0.1767
training,Canola,hue,11,512,0.0927,0.0814,0.1082
training,Canola,hue,12,512,0.0798,0.0743,0.0895
training,Wheat,EVI,1,752,0.0618,0.0555,0.0695
training,Wheat,EVI,2,752,0.0721,0.0583,0.0989
training,Wheat,EVI,3,752,0.06,0.0506,0.0724
training,Wheat,EVI,4,752,0.0498,0.0405,0.0601
training,Wheat,EVI,7,752,0.2819,0.1571,0.4348
training,Wheat,EVI,8,752,0.4472,0.3682,0.5182
training,Wheat,EVI,9,752,0.4503,0.3931,0.5209
training,Wheat,EVI,10,752,0.1589,0.1263,0.2227
training,Wheat,EVI,11,752,0.065,0.0571,0.0785
training,Wheat,EVI,12,752,0.0615,0.0527,0.0785
training,Wheat,B11,1,752,0.4091,0.3858,0.4284
training,Wheat,B11,2,752,0.3785,0.3565,0.3985
training,Wheat,B11,3,752,0.3738,0.354,0.3952
training,Wheat,B11,4,752,0.3561,0.3328,0.3789
training,Wheat,B11,7,752,0.2069,0.1777,0.2394
training,Wheat,B11,8,752,0.1899,0.1599,0.2194
training,Wheat,B11,9,752,0.1753,0.1497,0.2017
training,Wheat,B11,10,752,0.2658,0.2379,0.2928
training,Wheat,B11,11,752,0.3988,0.3756,0.4174
training,Wheat,B11,12,752,0.3853,0.3672,0.4019
training,Wheat,B12,1,752,0.3097,0.2946,0.3266
training,Wheat,B12,2,752,0.2779,0.2562,0.2972
training,Wheat,B12,3,752,0.2769,0.26,0.2937
training,Wheat,B12,4,752,0.2681,0.2511,0.2864
training,Wheat,B12,7,752,0.1332,0.0977,0.1711
training,Wheat,B12,8,752,0.1106,0.0834,0.1403
training,Wheat,B12,9,752,0.0956,0.0765,0.1211
training,Wheat,B12,10,752,0.1858,0.1593,0.2116
training,Wheat,B12,11,752,0.3002,0.2803,0.3184
training,Wheat,B12,12,752,0.2857,0.2685,0.2998
training,Wheat,hue,1,752,0.0722,0.0701,0.0754
training,Wheat,hue,2,752,0.0811,0.0767,0.0887
training,Wheat,hue,3,752,0.0751,0.0712,0.0791
training,Wheat,hue,4,752,0.0737,0.0708,0.0771
training,Wheat,hue,7,752,0.1517,0.1009,0.2177
training,Wheat,hue,8,752,0.2124,0.1697,0.2435
training,Wheat,hue,9,752,0.2207,0.186,0.2535
training,Wheat,hue,10,752,0.0837,0.075,0.099
training,Wheat,hue,11,752,0.0771,0.0746,0.0801
training,Wheat,hue,12,752,0.0754,0.0726,0.0788
training,Barley,EVI,1,659,0.063,0.058,0.0714
training,Barley,EVI,2,659,0.0779,0.0633,0.1058
training,Barley,EVI,3,659,0.0656,0.0553,0.0817
training,Barley,EVI,4,659,0.0555,0.0459,0.0669
training,Barley,EVI,7,659,0.3705,0.2596,0.485
training,Barley,EVI,8,659,0.5029,0.4298,0.5704
training,Barley,EVI,9,659,0.4955,0.4264,0.5681
training,Barley,EVI,10,659,0.1806,0.1401,0.244
training,Barley,EVI,11,659,0.0719,0.0633,0.0857
training,Barley,EVI,12,659,0.071,0.06,0.0873
training,Barley,B11,1,659,0.406,0.3862,0.4285
training,Barley,B11,2,659,0.3746,0.3522,0.398
training,Barley,B11,3,659,0.3749,0.3556,0.3963
training,Barley,B11,4,659,0.3583,0.3373,0.3807
training,Barley,B11,7,659,0.1941,0.1723,0.2234
training,Barley,B11,8,659,0.1687,0.1486,0.1984
training,Barley,B11,9,659,0.154,0.1368,0.1786
training,Barley,B11,10,659,0.2468,0.2146,0.2766
training,Barley,B11,11,659,0.398,0.3786,0.418
training,Barley,B11,12,659,0.3891,0.3703,0.4054
training,Barley,B12,1,659,0.3051,0.2893,0.3215
training,Barley,B12,2,659,0.2704,0.2501,0.2908
training,Barley,B12,3,659,0.2744,0.2564,0.2896
training,Barley,B12,4,659,0.2661,0.2494,0.2843
training,Barley,B12,7,659,0.11,0.0906,0.1423
training,Barley,B12,8,659,0.0884,0.0735,0.1199
training,Barley,B12,9,659,0.0793,0.0655,0.0993
training,Barley,B12,10,659,0.1644,0.1383,0.1943
training,Barley,B12,11,659,0.2937,0.2743,0.3112
training,Barley,B12,12,659,0.2807,0.2638,0.2975
training,Barley,hue,1,659,0.0724,0.0707,0.0746
training,Barley,hue,2,659,0.0824,0.0779,0.0898
training,Barley,hue,3,659,0.0746,0.0716,0.0781
training,Barley,hue,4,659,0.0736,0.071,0.0764
training,Barley,hue,7,659,0.1917,0.1392,0.2394
training,Barley,hue,8,659,0.2386,0.1989,0.2664
training,Barley,hue,9,659,0.2438,0.2067,0.2748
training,Barley,hue,10,659,0.0875,0.0779,0.1062
training,Barley,hue,11,659,0.0785,0.0765,0.0813
training,Barley,hue,12,659,0.076,0.0735,0.0793
training,Small grain grazing,EVI,1,433,0.0684,0.0608,0.0811
training,Small grain grazing,EVI,2,433,0.0957,0.0689,0.1506
training,Small grain grazing,EVI,3,433,0.0776,0.0603,0.1106
training,Small grain grazing,EVI,4,433,0.06,0.0492,0.0796
training,Small grain grazing,EVI,7,433,0.2473,0.162,0.4077
training,Small grain grazing,EVI,8,433,0.4329,0.3239,0.5164
training,Small grain grazing,EVI,9,433,0.4806,0.3826,0.5747
training,Small grain grazing,EVI,10,433,0.1902,0.1361,0.2836
training,Small grain grazing,EVI,11,433,0.0825,0.0624,0.1151
training,Small grain grazing,EVI,12,433,0.0815,0.0587,0.121
training,Small grain grazing,B11,1,433,0.3998,0.3713,0.426
training,Small grain grazing,B11,2,433,0.3669,0.336,0.3955
training,Small grain grazing,B11,3,433,0.3652,0.3363,0.3911
training,Small grain grazing,B11,4,433,0.3444,0.3193,0.3716
training,Small grain grazing,B11,7,433,0.214,0.1781,0.249
training,Small grain grazing,B11,8,433,0.2023,0.172,0.2477
training,Small grain grazing,B11,9,433,0.1778,0.154,0.2248
training,Small grain grazing,B11,10,433,0.2862,0.2356,0.3352
training,Small grain grazing,B11,11,433,0.3755,0.3427,0.3999
training,Small grain grazing,B11,12,433,0.3662,0.3351,0.3886
training,Small grain grazing,B12,1,433,0.3026,0.2772,0.3234
training,Small grain grazing,B12,2,433,0.2619,0.2294,0.291
training,Small grain grazing,B12,3,433,0.2642,0.2397,0.2866
training,Small grain grazing,B12,4,433,0.2596,0.2363,0.2794
training,Small grain grazing,B12,7,433,0.1376,0.0996,0.1745
training,Small grain grazing,B12,8,433,0.1212,0.0904,0.1716
training,Small grain grazing,B12,9,433,0.0966,0.0755,0.1374
training,Small grain grazing,B12,10,433,0.1996,0.1541,0.2466
training,Small grain grazing,B12,11,433,0.2847,0.2518,0.3137
training,Small grain grazing,B12,12,433,0.2723,0.2421,0.2965
training,Small grain grazing,hue,1,433,0.0737,0.0702,0.0786
training,Small grain grazing,hue,2,433,0.0858,0.0788,0.1023
training,Small grain grazing,hue,3,433,0.078,0.0736,0.0842
training,Small grain grazing,hue,4,433,0.075,0.0714,0.0797
training,Small grain grazing,hue,7,433,0.138,0.096,0.2111
training,Small grain grazing,hue,8,433,0.2008,0.1448,0.238
training,Small grain grazing,hue,9,433,0.2316,0.1774,0.2711
training,Small grain grazing,hue,10,433,0.088,0.0748,0.1222
training,Small grain grazing,hue,11,433,0.0788,0.0744,0.0874
training,Small grain grazing,hue,12,433,0.0787,0.0738,0.0872
holdout,Lucerne/Medics,EVI,1,1358,0.0788,0.0638,0.1297
holdout,Lucerne/Medics,EVI,2,1358,0.1795,0.1188,0.2789
holdout,Lucerne/Medics,EVI,3,1358,0.1238,0.0874,0.1756
holdout,Lucerne/Medics,EVI,4,1358,0.093,0.0632,0.1431
holdout,Lucerne/Medics,EVI,7,1358,0.1586,0.1176,0.2358
holdout,Lucerne/Medics,EVI,8,1358,0.2569,0.1898,0.3568
holdout,Lucerne/Medics,EVI,9,1358,0.2854,0.2204,0.361
holdout,Lucerne/Medics,EVI,10,1358,0.1955,0.1484,0.2863
holdout,Lucerne/Medics,EVI,11,1358,0.1634,0.1088,0.2439
holdout,Lucerne/Medics,EVI,12,1358,0.1572,0.1133,0.2147
holdout,Lucerne/Medics,B11,1,1358,0.3644,0.3234,0.3965
holdout,Lucerne/Medics,B11,2,1358,0.317,0.2792,0.354
holdout,Lucerne/Medics,B11,3,1358,0.3277,0.2914,0.3641
holdout,Lucerne/Medics,B11,4,1358,0.3202,0.2812,0.359
holdout,Lucerne/Medics,B11,7,1358,0.2551,0.2147,0.294
holdout,Lucerne/Medics,B11,8,1358,0.2426,0.2076,0.2779
holdout,Lucerne/Medics,B11,9,1358,0.2737,0.2416,0.3051
holdout,Lucerne/Medics,B11,10,1358,0.303,0.2644,0.3439
holdout,Lucerne/Medics,B11,11,1358,0.3402,0.3029,0.3806
holdout,Lucerne/Medics,B11,12,1358,0.3326,0.2948,0.3673
holdout,Lucerne/Medics,B12,1,1358,0.2855,0.2449,0.3131
holdout,Lucerne/Medics,B12,2,1358,0.223,0.1788,0.2596
holdout,Lucerne/Medics,B12,3,1358,0.2392,0.2053,0.2699
holdout,Lucerne/Medics,B12,4,1358,0.2426,0.2026,0.2721
holdout,Lucerne/Medics,B12,7,1358,0.1844,0.1419,0.2193
holdout,Lucerne/Medics,B12,8,1358,0.1618,0.1241,0.1928
holdout,Lucerne/Medics,B12,9,1358,0.187,0.155,0.2191
holdout,Lucerne/Medics,B12,10,1358,0.2227,0.1752,0.2626
holdout,Lucerne/Medics,B12,11,1358,0.2565,0.2088,0.2958
holdout,Lucerne/Medics,B12,12,1358,0.2504,0.212,0.2837
holdout,Lucerne/Medics,hue,1,1358,0.0777,0.0731,0.0891
holdout,Lucerne/Medics,hue,2,1358,0.106,0.0888,0.1461
holdout,Lucerne/Medics,hue,3,1358,0.0849,0.0775,0.1012
holdout,Lucerne/Medics,hue,4,1358,0.0799,0.0745,0.0942
holdout,Lucerne/Medics,hue,7,1358,0.092,0.0788,0.1218
holdout,Lucerne/Medics,hue,8,1358,0.1278,0.1045,0.1793
holdout,Lucerne/Medics,hue,9,1358,0.1351,0.1093,0.1718
holdout,Lucerne/Medics,hue,10,1358,0.0945,0.0819,0.1326
holdout,Lucerne/Medics,hue,11,1358,0.0965,0.0841,0.1239
holdout,Lucerne/Medics,hue,12,1358,0.0918,0.082,0.1085
holdout,Canola,EVI,1,138,0.0598,0.0566,0.0659
holdout,Canola,EVI,2,138,0.0726,0.065,0.0873
holdout,Canola,EVI,3,138,0.065,0.0593,0.0731
holdout,Canola,EVI,4,138,0.0574,0.051,0.0661
holdout,Canola,EVI,7,138,0.29,0.167,0.4074
holdout,Canola,EVI,8,138,0.4707,0.4106,0.5296
holdout,Canola,EVI,9,138,0.4667,0.3856,0.5258
holdout,Canola,EVI,10,138,0.3246,0.2596,0.3957
holdout,Canola,EVI,11,138,0.1199,0.1012,0.1565
holdout,Canola,EVI,12,138,0.0952,0.0731,0.1479
holdout,Canola,B11,1,138,0.401,0.3828,0.4177
holdout,Canola,B11,2,138,0.3712,0.3501,0.3943
holdout,Canola,B11,3,138,0.3711,0.3476,0.3929
holdout,Canola,B11,4,138,0.353,0.335,0.3807
holdout,Canola,B11,7,138,0.2135,0.1894,0.2474
holdout,Canola,B11,8,138,0.1676,0.1532,0.1826
holdout,Canola,B11,9,138,0.1763,0.1524,0.206
holdout,Canola,B11,10,138,0.2169,0.1842,0.2426
holdout,Canola,B11,11,138,0.35,0.3302,0.3709
holdout,Canola,B11,12,138,0.3494,0.3284,0.3728
holdout,Canola,B12,1,138,0.3088,0.2881,0.3205
holdout,Canola,B12,2,138,0.2724,0.2521,0.2912
holdout,Canola,B12,3,138,0.2728,0.2552,0.2917
holdout,Canola,B12,4,138,0.2665,0.2474,0.2831
holdout,Canola,B12,7,138,0.1434,0.1108,0.1785
holdout,Canola,B12,8,138,0.0909,0.077,0.1034
holdout,Canola,B12,9,138,0.095,0.0785,0.1295
holdout,Canola,B12,10,138,0.1403,0.1166,0.1711
holdout,Canola,B12,11,138,0.2636,0.2441,0.2817
holdout,Canola,B12,12,138,0.2642,0.2386,0.2953
holdout,Canola,hue,1,138,0.071,0.0696,0.0739
holdout,Canola,hue,2,138,0.0796,0.0752,0.0842
holdout,Canola,hue,3,138,0.0724,0.0703,0.0763
holdout,Canola,hue,4,138,0.071,0.0689,0.0748
holdout,Canola,hue,7,138,0.137,0.0959,0.1851
holdout,Canola,hue,8,138,0.2104,0.1902,0.2282
holdout,Canola,hue,9,138,0.2121,0.1872,0.226
holdout,Canola,hue,10,138,0.1443,0.1148,0.1787
holdout,Canola,hue,11,138,0.0897,0.0843,0.0979
holdout,Canola,hue,12,138,0.0795,0.0751,0.089
holdout,Wheat,EVI,1,300,0.0584,0.053,0.0666
holdout,Wheat,EVI,2,300,0.0754,0.0608,0.1139
holdout,Wheat,EVI,3,300,0.0624,0.0541,0.08
holdout,Wheat,EVI,4,300,0.0522,0.045,0.0645
holdout,Wheat,EVI,7,300,0.153,0.1028,0.1969
holdout,Wheat,EVI,8,300,0.3756,0.3173,0.44
holdout,Wheat,EVI,9,300,0.4366,0.3718,0.5121
holdout,Wheat,EVI,10,300,0.2355,0.1857,0.3131
holdout,Wheat,EVI,11,300,0.0688,0.0604,0.0847
holdout,Wheat,EVI,12,300,0.0713,0.062,0.0933
holdout,Wheat,B11,1,300,0.3884,0.3632,0.411
holdout,Wheat,B11,2,300,0.3561,0.3299,0.3829
holdout,Wheat,B11,3,300,0.3592,0.3323,0.384
holdout,Wheat,B11,4,300,0.3457,0.3212,0.3709
holdout,Wheat,B11,7,300,0.2368,0.2141,0.2647
holdout,Wheat,B11,8,300,0.1921,0.1733,0.2172
holdout,Wheat,B11,9,300,0.1966,0.175,0.218
holdout,Wheat,B11,10,300,0.2532,0.2127,0.2767
holdout,Wheat,B11,11,300,0.3794,0.3525,0.3993
holdout,Wheat,B11,12,300,0.3726,0.3486,0.3949
holdout,Wheat,B12,1,300,0.3067,0.2882,0.3213
holdout,Wheat,B12,2,300,0.268,0.2435,0.291
holdout,Wheat,B12,3,300,0.2694,0.2488,0.296
holdout,Wheat,B12,4,300,0.2662,0.2452,0.2858
holdout,Wheat,B12,7,300,0.1736,0.1476,0.1998
holdout,Wheat,B12,8,300,0.1142,0.0962,0.1366
holdout,Wheat,B12,9,300,0.1134,0.0922,0.1311
holdout,Wheat,B12,10,300,0.1729,0.1349,0.1965
holdout,Wheat,B12,11,300,0.2909,0.2619,0.3114
holdout,Wheat,B12,12,300,0.2842,0.2564,0.3163
holdout,Wheat,hue,1,300,0.0723,0.0699,0.0757
holdout,Wheat,hue,2,300,0.0814,0.0759,0.0938
holdout,Wheat,hue,3,300,0.074,0.071,0.0789
holdout,Wheat,hue,4,300,0.0732,0.0699,0.0769
holdout,Wheat,hue,7,300,0.0942,0.0797,0.1151
holdout,Wheat,hue,8,300,0.1825,0.1513,0.2122
holdout,Wheat,hue,9,300,0.2148,0.178,0.2423
holdout,Wheat,hue,10,300,0.1048,0.0907,0.1359
holdout,Wheat,hue,11,300,0.0779,0.0745,0.0819
holdout,Wheat,hue,12,300,0.0765,0.073,0.0813
holdout,Barley,EVI,1,192,0.0576,0.0531,0.0639
holdout,Barley,EVI,2,192,0.0722,0.0612,0.0873
holdout,Barley,EVI,3,192,0.0612,0.0536,0.0699
holdout,Barley,EVI,4,192,0.0529,0.0458,0.0605
holdout,Barley,EVI,7,192,0.2393,0.1587,0.3247
holdout,Barley,EVI,8,192,0.425,0.3627,0.5171
holdout,Barley,EVI,9,192,0.4441,0.3949,0.5206
holdout,Barley,EVI,10,192,0.2043,0.1626,0.2498
holdout,Barley,EVI,11,192,0.0699,0.0633,0.079
holdout,Barley,EVI,12,192,0.0666,0.0603,0.0779
holdout,Barley,B11,1,192,0.3938,0.3744,0.41
holdout,Barley,B11,2,192,0.3635,0.3455,0.3817
holdout,Barley,B11,3,192,0.3638,0.3461,0.3848
holdout,Barley,B11,4,192,0.3501,0.329,0.3718
holdout,Barley,B11,7,192,0.2213,0.1927,0.2445
holdout,Barley,B11,8,192,0.1769,0.1573,0.1978
holdout,Barley,B11,9,192,0.1792,0.1567,0.2071
holdout,Barley,B11,10,192,0.2484,0.2182,0.2755
holdout,Barley,B11,11,192,0.389,0.3589,0.4038
holdout,Barley,B11,12,192,0.3813,0.3634,0.3976
holdout,Barley,B12,1,192,0.3012,0.2863,0.3177
holdout,Barley,B12,2,192,0.2668,0.249,0.2857
holdout,Barley,B12,3,192,0.268,0.2498,0.2862
holdout,Barley,B12,4,192,0.2603,0.243,0.2802
holdout,Barley,B12,7,192,0.1422,0.1199,0.168
holdout,Barley,B12,8,192,0.0977,0.0791,0.1184
holdout,Barley,B12,9,192,0.0964,0.078,0.1244
holdout,Barley,B12,10,192,0.1702,0.1414,0.1952
holdout,Barley,B12,11,192,0.2935,0.2709,0.3101
holdout,Barley,B12,12,192,0.2875,0.2677,0.3078
holdout,Barley,hue,1,192,0.0722,0.0706,0.0743
holdout,Barley,hue,2,192,0.0807,0.0773,0.0856
holdout,Barley,hue,3,192,0.0736,0.0707,0.0762
holdout,Barley,hue,4,192,0.0732,0.07,0.0754
holdout,Barley,hue,7,192,0.1335,0.1016,0.1677
holdout,Barley,hue,8,192,0.2113,0.1769,0.2447
holdout,Barley,hue,9,192,0.2222,0.1908,0.2635
holdout,Barley,hue,10,192,0.0963,0.0851,0.1101
holdout,Barley,hue,11,192,0.0788,0.0764,0.0814
holdout,Barley,hue,12,192,0.0751,0.0732,0.0774
holdout,Small grain grazing,EVI,1,427,0.067,0.0551,0.0857
holdout,Small grain grazing,EVI,2,427,0.0937,0.0678,0.1709
holdout,Small grain grazing,EVI,3,427,0.0801,0.0597,0.1346
holdout,Small grain grazing,EVI,4,427,0.0662,0.0515,0.1015
holdout,Small grain grazing,EVI,7,427,0.1409,0.0959,0.2536
holdout,Small grain grazing,EVI,8,427,0.345,0.2444,0.4547
holdout,Small grain grazing,EVI,9,427,0.4081,0.3191,0.5004
holdout,Small grain grazing,EVI,10,427,0.2252,0.1731,0.2903
holdout,Small grain grazing,EVI,11,427,0.0848,0.066,0.133
holdout,Small grain grazing,EVI,12,427,0.0908,0.0679,0.1377
holdout,Small grain grazing,B11,1,427,0.3744,0.3445,0.4009
holdout,Small grain grazing,B11,2,427,0.3373,0.3062,0.364
holdout,Small grain grazing,B11,3,427,0.3368,0.3041,0.362
holdout,Small grain grazing,B11,4,427,0.3267,0.2939,0.3538
holdout,Small grain grazing,B11,7,427,0.2345,0.205,0.2633
holdout,Small grain grazing,B11,8,427,0.2009,0.1737,0.2335
holdout,Small grain grazing,B11,9,427,0.2153,0.1807,0.2413
holdout,Small grain grazing,B11,10,427,0.272,0.2385,0.3062
holdout,Small grain grazing,B11,11,427,0.3509,0.3201,0.3822
holdout,Small grain grazing,B11,12,427,0.3461,0.3172,0.3736
holdout,Small grain grazing,B12,1,427,0.2951,0.272,0.3165
holdout,Small grain grazing,B12,2,427,0.2532,0.2155,0.2771
holdout,Small grain grazing,B12,3,427,0.2505,0.2248,0.2774
holdout,Small grain grazing,B12,4,427,0.2477,0.2217,0.2723
holdout,Small grain grazing,B12,7,427,0.172,0.1382,0.2005
holdout,Small grain grazing,B12,8,427,0.1247,0.0997,0.1561
holdout,Small grain grazing,B12,9,427,0.1281,0.0984,0.1584
holdout,Small grain grazing,B12,10,427,0.1911,0.1564,0.2241
holdout,Small grain grazing,B12,11,427,0.2749,0.2415,0.304
holdout,Small grain grazing,B12,12,427,0.2698,0.2368,0.3002
holdout,Small grain grazing,hue,1,427,0.075,0.0717,0.0805
holdout,Small grain grazing,hue,2,427,0.0862,0.079,0.1076
holdout,Small grain grazing,hue,3,427,0.0789,0.074,0.0893
holdout,Small grain grazing,hue,4,427,0.0766,0.0725,0.0829
holdout,Small grain grazing,hue,7,427,0.0936,0.076,0.1298
holdout,Small grain grazing,hue,8,427,0.1718,0.1277,0.2155
holdout,Small grain grazing,hue,9,427,0.1984,0.1588,0.2368
holdout,Small grain grazing,hue,10,427,0.1014,0.0873,0.1278
holdout,Small grain grazing,hue,11,427,0.0803,0.0759,0.0898
holdout,Small grain grazing,hue,12,427,0.0806,0.0753,0.0912
