fid,crop_name
185471,Barley
185472,Wheat
185488,Wheat
185489,Lucerne/Medics
185490,Small grain grazing
185493,Wheat
185494,Barley
185495,Lucerne/Medics
185502,Small grain grazing
185505,Barley
185509,Lucerne/Medics
185510,Lucerne/Medics
185535,Small grain grazing
185536,Wheat
185541,Barley
185542,Barley
185543,Barley
185544,Barley
185545,Lucerne/Medics
185546,Wheat
185547,Lucerne/Medics
185549,Lucerne/Medics
185550,Lucerne/Medics
185551,Lucerne/Medics
185552,Lucerne/Medics
185553,Lucerne/Medics
185555,Wheat
185556,Lucerne/Medics
185557,Wheat
185558,Small grain grazing
185559,Small grain grazing
185560,Lucerne/Medics
185561,Lucerne/Medics
185588,Lucerne/Medics
185589,Lucerne/Medics
185590,Lucerne/Medics
185591,Canola
185592,Barley
185593,Barley
185594,Canola
185595,Barley
185596,Barley
185597,Barley
185599,Small grain grazing
185600,Small grain grazing
185601,Lucerne/Medics
185602,Wheat
185603,Lucerne/Medics
185605,Wheat
185606,Lucerne/Medics
185607,Lucerne/Medics
185608,Lucerne/Medics
185609,Lucerne/Medics
185610,Lucerne/Medics
185612,Barley
185613,Barley
185614,Lucerne/Medics
185615,Wheat
185622,Barley
185623,Barley
185624,Small grain grazing
185630,Barley
185631,Barley
185663,Lucerne/Medics
185667,Wheat
185668,Canola
185670,Canola
185671,Barley
185672,Wheat
185673,Small grain grazing
185674,Barley
185675,Barley
185676,Canola
185677,Lucerne/Medics
185684,Lucerne/Medics
185686,Canola
185687,Small grain grazing
185689,Wheat
185690,Barley
185691,Lucerne/Medics
185692,Lucerne/Medics
185693,Barley
185694,Barley
185695,Wheat
185696,Lucerne/Medics
185697,Barley
185698,Barley
185699,Small grain grazing
185700,Small grain grazing
185701,Lucerne/Medics
185702,Lucerne/Medics
185703,Barley
185704,Lucerne/Medics
185705,Lucerne/Medics
185706,Lucerne/Medics
185707,Canola
185708,Barley
185709,Small grain grazing
185710,Lucerne/Medics
185711,Lucerne/Medics
185712,Lucerne/Medics
185713,Lucerne/Medics
185714,Lucerne/Medics
185715,Lucerne/Medics
185716,Lucerne/Medics
185717,Lucerne/Medics
185718,Lucerne/Medics
185719,Barley
185720,Lucerne/Medics
185721,Lucerne/Medics
185722,Lucerne/Medics
185723,Wheat
185724,Canola
185725,Lucerne/Medics
185726,Lucerne/Medics
185727,Lucerne/Medics
185728,Lucerne/Medics
185729,Lucerne/Medics
185730,Lucerne/Medics
185731,Wheat
185732,Lucerne/Medics
185733,Lucerne/Medics
186029,Lucerne/Medics
186030,Lucerne/Medics
186031,Lucerne/Medics
186032,Lucerne/Medics
186033,Barley
186034,Canola
186035,Lucerne/Medics
186036,Barley
186037,Wheat
186038,Small grain grazing
186039,Lucerne/Medics
186040,Wheat
186041,Small grain grazing
186042,Small grain grazing
186043,Lucerne/Medics
186044,Lucerne/Medics
186045,Lucerne/Medics
186046,Lucerne/Medics
186047,Lucerne/Medics
186048,Lucerne/Medics
186049,Lucerne/Medics
186050,Lucerne/Medics
186051,Lucerne/Medics
186052,Barley
186053,Canola
186054,Barley
186055,Barley
186056,Small grain grazing
186057,Small grain grazing
186058,Small grain grazing
186059,Lucerne/Medics
186060,Lucerne/Medics
186061,Lucerne/Medics
186062,Barley
186063,Lucerne/Medics
186064,Lucerne/Medics
186065,Lucerne/Medics
186066,Lucerne/Medics
186067,Lucerne/Medics
186068,Lucerne/Medics
186069,Lucerne/Medics
186070,Lucerne/Medics
186071,Lucerne/Medics
186072,Lucerne/Medics
186073,Lucerne/Medics
186074,Lucerne/Medics
186075,Lucerne/Medics
186076,Wheat
186077,Wheat
186078,Canola
186079,Lucerne/Medics
186080,Canola
186081,Barley
186082,Lucerne/Medics
186083,Lucerne/Medics
186084,Lucerne/Medics
186085,Lucerne/Medics
186086,Lucerne/Medics
186087,Barley
186088,Barley
186090,Barley
186091,Barley
186092,Lucerne/Medics
186093,Small grain grazing
186094,Lucerne/Medics
186095,Small grain grazing
186096,Lucerne/Medics
186097,Lucerne/Medics
186098,Lucerne/Medics
186099,Small grain grazing
186100,Small grain grazing
186101,Barley
186102,Lucerne/Medics
186103,Lucerne/Medics
186104,Lucerne/Medics
186105,Lucerne/Medics
186106,Small grain grazing
186107,Canola
186108,Canola
186109,Small grain grazing
186110,Wheat
186111,Small grain grazing
186112,Lucerne/Medics
186113,Small grain grazing
186114,Small grain grazing
186115,Wheat
186116,Small grain grazing
186117,Barley
186118,Wheat
186119,Wheat
186120,Wheat
186121,Canola
186122,Wheat
186123,Small grain grazing
186124,Small grain grazing
186125,Small grain grazing
186127,Lucerne/Medics
186128,Wheat
186129,Small grain grazing
186130,Lucerne/Medics
186131,Lucerne/Medics
186132,Wheat
186133,Wheat
186134,Wheat
186135,Lucerne/Medics
186136,Canola
186137,Barley
186138,Canola
186139,Wheat
186140,Small grain grazing
186141,Small grain grazing
186142,Lucerne/Medics
186143,Lucerne/Medics
186144,Wheat
186147,Wheat
186148,Wheat
186149,Wheat
186150,Wheat
186151,Wheat
186152,Wheat
186153,Lucerne/Medics
186154,Small grain grazing
186155,Lucerne/Medics
186156,Canola
186157,Wheat
186158,Lucerne/Medics
186159,Lucerne/Medics
186160,Canola
186161,Lucerne/Medics
186162,Lucerne/Medics
186163,Lucerne/Medics
186164,Small grain grazing
186166,Barley
186167,Lucerne/Medics
186168,Barley
186169,Barley
186170,Lucerne/Medics
186171,Lucerne/Medics
186172,Lucerne/Medics
186174,Barley
186175,Barley
186176,Barley
186177,Lucerne/Medics
186178,Lucerne/Medics
186179,Lucerne/Medics
186180,Lucerne/Medics
186181,Lucerne/Medics
186182,Lucerne/Medics
186183,Lucerne/Medics
186184,Lucerne/Medics
186185,Lucerne/Medics
186186,Lucerne/Medics
186187,Lucerne/Medics
186188,Lucerne/Medics
186189,Barley
186190,Lucerne/Medics
186191,Small grain grazing
186192,Lucerne/Medics
186193,Lucerne/Medics
186194,Lucerne/Medics
186195,Wheat
186196,Small grain grazing
186197,Wheat
186198,Wheat
186199,Wheat
186200,Wheat
186202,Wheat
186203,Wheat
186204,Wheat
186205,Wheat
186206,Lucerne/Medics
186207,Lucerne/Medics
186208,Lucerne/Medics
186209,Wheat
186210,Lucerne/Medics
186211,Canola
186212,Lucerne/Medics
186213,Wheat
186214,Wheat
186215,Lucerne/Medics
186216,Wheat
186217,Lucerne/Medics
186218,Canola
186219,Wheat
186220,Small grain grazing
186221,Wheat
186222,Lucerne/Medics
186223,Small grain grazing
186224,Lucerne/Medics
186225,Small grain grazing
186226,Lucerne/Medics
186227,Small grain grazing
186228,Lucerne/Medics
186229,Wheat
186230,Wheat
186231,Wheat
186232,Wheat
186233,Lucerne/Medics
186234,Lucerne/Medics
186235,Small grain grazing
186236,Small grain grazing
186237,Wheat
186238,Lucerne/Medics
186239,Lucerne/Medics
186241,Lucerne/Medics
186242,Wheat
186243,Lucerne/Medics
186249,Lucerne/Medics
186250,Wheat
186251,Wheat
186291,Lucerne/Medics
186292,Wheat
186293,Small grain grazing
186302,Lucerne/Medics
186304,Lucerne/Medics
186305,Lucerne/Medics
186306,Lucerne/Medics
186308,Wheat
186320,Wheat
186321,Wheat
186322,Lucerne/Medics
186323,Small grain grazing
186324,Lucerne/Medics
186325,Small grain grazing
186326,Small grain grazing
186327,Lucerne/Medics
186328,Lucerne/Medics
186329,Wheat
186330,Wheat
186331,Wheat
186332,Lucerne/Medics
186333,Lucerne/Medics
186334,Wheat
186337,Lucerne/Medics
186338,Canola
186339,Wheat
186342,Wheat
186343,Wheat
186344,Small grain grazing
186345,Wheat
186346,Wheat
186347,Lucerne/Medics
186348,Wheat
186349,Small grain grazing
186350,Wheat
186351,Wheat
186352,Wheat
186353,Canola
186354,Lucerne/Medics
186355,Wheat
186356,Wheat
186357,Wheat
186358,Wheat
186359,Lucerne/Medics
186360,Wheat
186361,Wheat
186362,Small grain grazing
186363,Wheat
186364,Wheat
186365,Lucerne/Medics
186366,Lucerne/Medics
186519,Lucerne/Medics
186520,Small grain grazing
186521,Lucerne/Medics
186524,Small grain grazing
186525,Canola
186526,Wheat
186527,Wheat
186528,Small grain grazing
186529,Wheat
186530,Wheat
186531,Wheat
186532,Small grain grazing
186533,Small grain grazing
186534,Small grain grazing
186535,Small grain grazing
186536,Small grain grazing
186538,Small grain grazing
186546,Small grain grazing
186637,Wheat
186638,Wheat
186639,Wheat
186640,Wheat
186641,Small grain grazing
186642,Small grain grazing
186644,Wheat
186645,Wheat
186646,Wheat
186650,Small grain grazing
186652,Small grain grazing
186653,Small grain grazing
186654,Wheat
186655,Small grain grazing
186656,Small grain grazing
186657,Small grain grazing
186658,Small grain grazing
186661,Small grain grazing
186662,Wheat
186663,Small grain grazing
186665,Small grain grazing
186666,Small grain grazing
186667,Wheat
186668,Wheat
186669,Wheat
186671,Canola
186672,Canola
186673,Canola
186675,Canola
186677,Canola
186678,Wheat
186679,Lucerne/Medics
186989,Lucerne/Medics
186990,Lucerne/Medics
186991,Lucerne/Medics
186992,Lucerne/Medics
186993,Lucerne/Medics
186995,Small grain grazing
186996,Wheat
186998,Lucerne/Medics
186999,Small grain grazing
187011,Lucerne/Medics
187012,Small grain grazing
187013,Lucerne/Medics
187016,Small grain grazing
187017,Lucerne/Medics
187020,Lucerne/Medics
187021,Lucerne/Medics
187022,Wheat
187025,Small grain grazing
187028,Lucerne/Medics
187029,Lucerne/Medics
187030,Small grain grazing
187031,Wheat
187032,Lucerne/Medics
187033,Lucerne/Medics
187034,Lucerne/Medics
187035,Lucerne/Medics
187036,Small grain grazing
187037,Lucerne/Medics
187038,Lucerne/Medics
187039,Lucerne/Medics
187040,Lucerne/Medics
187041,Lucerne/Medics
187042,Lucerne/Medics
187043,Small grain grazing
187044,Small grain grazing
187045,Small grain grazing
187046,Lucerne/Medics
187047,Lucerne/Medics
187048,Lucerne/Medics
187049,Lucerne/Medics
187050,Small grain grazing
187051,Small grain grazing
187052,Small grain grazing
187053,Small grain grazing
187054,Small grain grazing
187055,Small grain grazing
187056,Lucerne/Medics
187057,Lucerne/Medics
187060,Lucerne/Medics
187061,Lucerne/Medics
187062,Small grain grazing
187064,Lucerne/Medics
187065,Lucerne/Medics
187074,Small grain grazing
187075,Lucerne/Medics
187076,Lucerne/Medics
187077,Lucerne/Medics
187078,Lucerne/Medics
187079,Small grain grazing
187080,Small grain grazing
187081,Wheat
187082,Small grain grazing
187083,Small grain grazing
187085,Canola
187087,Lucerne/Medics
187088,Lucerne/Medics
187089,Small grain grazing
187090,Lucerne/Medics
187092,Wheat
187095,Small grain grazing
187096,Small grain grazing
187097,Barley
187099,Barley
187100,Small grain grazing
187101,Barley
187104,Barley
187105,Barley
187106,Wheat
187107,Small grain grazing
187108,Small grain grazing
187109,Lucerne/Medics
187110,Wheat
187111,Barley
187112,Barley
187113,Lucerne/Medics
187114,Lucerne/Medics
187115,Wheat
187116,Lucerne/Medics
187117,Lucerne/Medics
187118,Small grain grazing
187119,Lucerne/Medics
187120,Small grain grazing
187121,Small grain grazing
187122,Small grain grazing
187123,Small grain grazing
187124,Small grain grazing
187125,Small grain grazing
187126,Lucerne/Medics
187127,Wheat
187128,Small grain grazing
187129,Small grain grazing
187130,Small grain grazing
187131,Small grain grazing
187132,Lucerne/Medics
187133,Lucerne/Medics
187134,Lucerne/Medics
187135,Small grain grazing
187136,Lucerne/Medics
187137,Lucerne/Medics
187139,Lucerne/Medics
187140,Barley
187141,Lucerne/Medics
187142,Lucerne/Medics
187143,Small grain grazing
187144,Small grain grazing
187145,Small grain grazing
187146,Small grain grazing
187148,Small grain grazing
187149,Small grain grazing
187150,Lucerne/Medics
187151,Small grain grazing
187152,Lucerne/Medics
187153,Lucerne/Medics
187154,Lucerne/Medics
187155,Wheat
187157,Lucerne/Medics
187158,Wheat
187159,Lucerne/Medics
187160,Small grain grazing
187161,Small grain grazing
187163,Canola
187164,Lucerne/Medics
187165,Lucerne/Medics
187166,Lucerne/Medics
187167,Lucerne/Medics
187173,Lucerne/Medics
187174,Lucerne/Medics
187178,Lucerne/Medics
187181,Lucerne/Medics
187184,Small grain grazing
187185,Lucerne/Medics
187186,Small grain grazing
187187,Small grain grazing
187188,Small grain grazing
187189,Lucerne/Medics
187190,Canola
187191,Canola
187192,Barley
187193,Lucerne/Medics
187194,Small grain grazing
187195,Canola
187196,Small grain grazing
187197,Canola
187198,Barley
187199,Small grain grazing
187200,Small grain grazing
187201,Small grain grazing
187202,Lucerne/Medics
187203,Lucerne/Medics
187204,Small grain grazing
187205,Lucerne/Medics
187206,Lucerne/Medics
187207,Small grain grazing
187208,Wheat
187209,Small grain grazing
187210,Small grain grazing
187211,Small grain grazing
187212,Small grain grazing
187213,Lucerne/Medics
187214,Small grain grazing
187215,Wheat
187216,Lucerne/Medics
187218,Barley
187219,Barley
187221,Lucerne/Medics
187224,Canola
187225,Small grain grazing
187226,Small grain grazing
187229,Lucerne/Medics
187501,Wheat
187502,Wheat
187503,Small grain grazing
187504,Canola
187505,Wheat
187506,Canola
187507,Canola
187508,Canola
187509,Canola
187510,Lucerne/Medics
187511,Wheat
187512,Lucerne/Medics
187513,Wheat
187514,Wheat
187515,Canola
187516,Wheat
187518,Wheat
187519,Small grain grazing
187520,Small grain grazing
187521,Small grain grazing
187522,Canola
187523,Small grain grazing
187524,Small grain grazing
187525,Wheat
187526,Wheat
187527,Small grain grazing
187528,Small grain grazing
187529,Small grain grazing
187530,Canola
187531,Wheat
187532,Wheat
187533,Small grain grazing
187534,Small grain grazing
187535,Canola
187536,Wheat
187537,Wheat
187538,Wheat
187539,Wheat
187540,Wheat
187541,Small grain grazing
187542,Small grain grazing
187543,Wheat
187544,Wheat
187545,Wheat
187546,Wheat
187547,Wheat
187548,Small grain grazing
187549,Wheat
187550,Wheat
187551,Wheat
187552,Wheat
187553,Wheat
187554,Wheat
187555,Wheat
187556,Wheat
187557,Canola
187558,Wheat
187559,Canola
187560,Wheat
187561,Wheat
187562,Wheat
187563,Wheat
187564,Small grain grazing
187565,Small grain grazing
187566,Small grain grazing
187567,Small grain grazing
187568,Small grain grazing
187569,Small grain grazing
187570,Wheat
187571,Wheat
187572,Wheat
187573,Canola
187574,Wheat
187575,Wheat
187576,Canola
187577,Wheat
187578,Wheat
187579,Wheat
187580,Wheat
187581,Canola
187582,Wheat
187583,Canola
187584,Canola
187585,Canola
187586,Barley
187587,Small grain grazing
187588,Lucerne/Medics
187589,Small grain grazing
187590,Small grain grazing
187591,Small grain grazing
187592,Lucerne/Medics
187593,Wheat
187594,Small grain grazing
187595,Wheat
187596,Wheat
187597,Small grain grazing
187598,Wheat
187599,Wheat
187600,Wheat
187601,Wheat
187602,Wheat
187603,Wheat
187604,Small grain grazing
187605,Wheat
187606,Wheat
187607,Lucerne/Medics
187608,Lucerne/Medics
187609,Small grain grazing
187610,Wheat
187611,Lucerne/Medics
187612,Lucerne/Medics
187613,Lucerne/Medics
187614,Wheat
187615,Small grain grazing
187616,Wheat
187617,Wheat
187618,Wheat
187619,Small grain grazing
187620,Small grain grazing
187621,Small grain grazing
187622,Small grain grazing
187623,Small grain grazing
187624,Small grain grazing
187631,Lucerne/Medics
187632,Small grain grazing
187633,Small grain grazing
187634,Lucerne/Medics
187648,Lucerne/Medics
187649,Lucerne/Medics
187650,Lucerne/Medics
187651,Lucerne/Medics
187652,Lucerne/Medics
187653,Lucerne/Medics
187654,Lucerne/Medics
187655,Lucerne/Medics
187656,Lucerne/Medics
187658,Lucerne/Medics
187659,Lucerne/Medics
187660,Lucerne/Medics
187661,Lucerne/Medics
187662,Lucerne/Medics
187663,Small grain grazing
187665,Lucerne/Medics
187668,Lucerne/Medics
187671,Lucerne/Medics
187672,Lucerne/Medics
187673,Lucerne/Medics
187675,Lucerne/Medics
187676,Small grain grazing
187677,Small grain grazing
187678,Lucerne/Medics
187679,Lucerne/Medics
187681,Lucerne/Medics
187683,Lucerne/Medics
187685,Lucerne/Medics
187688,Lucerne/Medics
187689,Lucerne/Medics
187691,Small grain grazing
187692,Lucerne/Medics
187694,Lucerne/Medics
187696,Lucerne/Medics
187698,Lucerne/Medics
187704,Lucerne/Medics
187712,Lucerne/Medics
187716,Lucerne/Medics
187717,Lucerne/Medics
187719,Lucerne/Medics
187721,Lucerne/Medics
187723,Lucerne/Medics
187724,Lucerne/Medics
187728,Lucerne/Medics
187740,Lucerne/Medics
187741,Small grain grazing
187742,Lucerne/Medics
187745,Lucerne/Medics
187747,Small grain grazing
187748,Small grain grazing
187749,Small grain grazing
187750,Small grain grazing
187751,Lucerne/Medics
187752,Lucerne/Medics
187753,Lucerne/Medics
187754,Lucerne/Medics
187755,Lucerne/Medics
187756,Lucerne/Medics
187759,Lucerne/Medics
187760,Lucerne/Medics
187761,Lucerne/Medics
187770,Lucerne/Medics
187771,Lucerne/Medics
187772,Lucerne/Medics
187773,Lucerne/Medics
187774,Lucerne/Medics
187800,Small grain grazing
187801,Small grain grazing
187802,Barley
187803,Lucerne/Medics
187804,Small grain grazing
187805,Small grain grazing
187806,Small grain grazing
187808,Lucerne/Medics
187809,Barley
187812,Barley
187813,Barley
187815,Barley
187816,Small grain grazing
187818,Small grain grazing
187819,Lucerne/Medics
187820,Wheat
187821,Lucerne/Medics
187823,Wheat
187824,Barley
187825,Canola
187826,Small grain grazing
187827,Lucerne/Medics
187828,Barley
187829,Canola
187830,Small grain grazing
187831,Lucerne/Medics
187832,Wheat
187833,Wheat
187834,Small grain grazing
187835,Lucerne/Medics
187836,Small grain grazing
187837,Barley
187838,Lucerne/Medics
187839,Wheat
187840,Canola
187846,Small grain grazing
187848,Small grain grazing
187850,Small grain grazing
187851,Lucerne/Medics
187852,Lucerne/Medics
187853,Small grain grazing
187854,Lucerne/Medics
187855,Lucerne/Medics
187856,Barley
187857,Wheat
187858,Wheat
187860,Canola
187861,Small grain grazing
187863,Lucerne/Medics
187864,Lucerne/Medics
187867,Small grain grazing
187868,Small grain grazing
187869,Lucerne/Medics
187870,Lucerne/Medics
187871,Lucerne/Medics
187873,Lucerne/Medics
187874,Small grain grazing
187875,Small grain grazing
187879,Small grain grazing
187880,Small grain grazing
187881,Small grain grazing
187882,Canola
187883,Wheat
187884,Canola
187885,Lucerne/Medics
187886,Barley
187887,Lucerne/Medics
187888,Canola
187889,Lucerne/Medics
187890,Lucerne/Medics
187891,Lucerne/Medics
187892,Small grain grazing
187893,Lucerne/Medics
187894,Lucerne/Medics
187895,Barley
187896,Small grain grazing
187897,Lucerne/Medics
187898,Barley
187899,Small grain grazing
187900,Lucerne/Medics
187901,Barley
187902,Lucerne/Medics
187903,Canola
187904,Barley
187905,Small grain grazing
187906,Small grain grazing
187907,Lucerne/Medics
187908,Small grain grazing
187909,Canola
187910,Canola
187911,Canola
187912,Barley
187913,Lucerne/Medics
187914,Barley
187915,Barley
187916,Barley
187917,Lucerne/Medics
187918,Lucerne/Medics
187920,Lucerne/Medics
187921,Barley
187922,Canola
187923,Canola
187925,Small grain grazing
187926,Barley
187927,Barley
187928,Barley
187929,Small grain grazing
187930,Wheat
187931,Canola
187932,Barley
187933,Lucerne/Medics
187934,Lucerne/Medics
187935,Barley
187936,Lucerne/Medics
187937,Barley
187941,Small grain grazing
187942,Small grain grazing
187943,Small grain grazing
187944,Lucerne/Medics
187945,Barley
187946,Small grain grazing
187947,Barley
187949,Small grain grazing
187950,Small grain grazing
187951,Lucerne/Medics
187952,Wheat
187953,Small grain grazing
187954,Barley
187955,Barley
187956,Lucerne/Medics
187961,Wheat
187962,Wheat
187963,Barley
187964,Wheat
187965,Wheat
187966,Lucerne/Medics
187967,Lucerne/Medics
187968,Canola
187969,Lucerne/Medics
187970,Lucerne/Medics
187971,Lucerne/Medics
187972,Wheat
187973,Small grain grazing
187974,Wheat
187975,Wheat
187976,Wheat
187977,Canola
187979,Lucerne/Medics
187980,Lucerne/Medics
187981,Lucerne/Medics
187982,Wheat
187983,Small grain grazing
187984,Canola
187985,Lucerne/Medics
187986,Lucerne/Medics
187987,Barley
187988,Barley
187989,Canola
187990,Lucerne/Medics
187991,Canola
187992,Lucerne/Medics
187993,Canola
187994,Barley
187995,Barley
187996,Canola
187997,Canola
187998,Canola
187999,Lucerne/Medics
188000,Barley
188001,Small grain grazing
188002,Barley
188003,Small grain grazing
188004,Barley
188005,Lucerne/Medics
188006,Lucerne/Medics
188007,Lucerne/Medics
188009,Barley
188010,Barley
188011,Barley
188012,Small grain grazing
188013,Barley
188014,Canola
188015,Small grain grazing
188016,Canola
188017,Canola
188018,Small grain grazing
188019,Lucerne/Medics
188020,Barley
188021,Lucerne/Medics
188024,Small grain grazing
188025,Small grain grazing
188026,Wheat
188027,Small grain grazing
188028,Small grain grazing
188029,Wheat
188030,Barley
188031,Wheat
188032,Barley
188033,Wheat
188034,Lucerne/Medics
188035,Wheat
188036,Small grain grazing
188037,Small grain grazing
188038,Small grain grazing
188039,Lucerne/Medics
188040,Lucerne/Medics
188043,Lucerne/Medics
188048,Canola
188126,Small grain grazing
188130,Small grain grazing
188131,Small grain grazing
188132,Small grain grazing
188133,Small grain grazing
188134,Small grain grazing
188135,Small grain grazing
188136,Barley
188137,Small grain grazing
188138,Small grain grazing
188139,Canola
188140,Small grain grazing
188141,Small grain grazing
188142,Wheat
188143,Small grain grazing
188145,Wheat
188146,Wheat
188147,Small grain grazing
188148,Canola
188149,Lucerne/Medics
188150,Lucerne/Medics
188151,Canola
188152,Small grain grazing
188153,Small grain grazing
188155,Lucerne/Medics
188156,Small grain grazing
188158,Lucerne/Medics
188159,Wheat
188160,Lucerne/Medics
188161,Lucerne/Medics
188164,Small grain grazing
188168,Small grain grazing
188169,Small grain grazing
188384,Lucerne/Medics
188385,Lucerne/Medics
188387,Lucerne/Medics
188388,Lucerne/Medics
188389,Lucerne/Medics
188454,Lucerne/Medics
188528,Small grain grazing
188529,Lucerne/Medics
188530,Lucerne/Medics
188531,Lucerne/Medics
188532,Small grain grazing
188535,Lucerne/Medics
188536,Wheat
188537,Small grain grazing
188538,Lucerne/Medics
188539,Barley
188540,Lucerne/Medics
188541,Lucerne/Medics
188542,Lucerne/Medics
188543,Lucerne/Medics
188544,Small grain grazing
188545,Small grain grazing
188546,Small grain grazing
188547,Small grain grazing
188548,Wheat
188549,Lucerne/Medics
188550,Lucerne/Medics
188562,Lucerne/Medics
188563,Lucerne/Medics
188564,Lucerne/Medics
188565,Lucerne/Medics
188566,Barley
188567,Wheat
188568,Lucerne/Medics
188569,Small grain grazing
188570,Small grain grazing
188571,Lucerne/Medics
188572,Lucerne/Medics
188574,Lucerne/Medics
188575,Lucerne/Medics
188582,Lucerne/Medics
188595,Small grain grazing
188596,Lucerne/Medics
188653,Lucerne/Medics
188654,Lucerne/Medics
188655,Lucerne/Medics
188656,Small grain grazing
188657,Lucerne/Medics
188658,Lucerne/Medics
188659,Lucerne/Medics
188660,Lucerne/Medics
188661,Lucerne/Medics
188662,Lucerne/Medics
188663,Lucerne/Medics
188664,Lucerne/Medics
188665,Lucerne/Medics
188666,Lucerne/Medics
188667,Lucerne/Medics
188668,Lucerne/Medics
188669,Lucerne/Medics
188670,Lucerne/Medics
188671,Small grain grazing
188672,Small grain grazing
188673,Small grain grazing
188674,Small grain grazing
188675,Small grain grazing
188676,Lucerne/Medics
188677,Small grain grazing
188678,Lucerne/Medics
188679,Lucerne/Medics
188680,Lucerne/Medics
188681,Lucerne/Medics
188682,Lucerne/Medics
188683,Small grain grazing
188684,Small grain grazing
188685,Small grain grazing
188686,Small grain grazing
188687,Small grain grazing
188688,Small grain grazing
188691,Small grain grazing
188692,Lucerne/Medics
188694,Small grain grazing
188695,Small grain grazing
188698,Small grain grazing
188699,Small grain grazing
188700,Small grain grazing
188701,Wheat
188702,Small grain grazing
188703,Small grain grazing
188704,Small grain grazing
188705,Small grain grazing
188706,Small grain grazing
188707,Small grain grazing
188708,Small grain grazing
188709,Canola
188710,Wheat
188711,Canola
188712,Canola
188713,Wheat
188714,Wheat
188715,Canola
188718,Small grain grazing
188719,Lucerne/Medics
188720,Barley
188721,Lucerne/Medics
188724,Lucerne/Medics
188725,Lucerne/Medics
188726,Lucerne/Medics
188727,Lucerne/Medics
188728,Lucerne/Medics
188729,Lucerne/Medics
188730,Lucerne/Medics
188731,Lucerne/Medics
188732,Lucerne/Medics
188733,Lucerne/Medics
188738,Small grain grazing
188740,Small grain grazing
188742,Small grain grazing
188746,Wheat
188747,Small grain grazing
188748,Wheat
188749,Wheat
188750,Small grain grazing
188751,Small grain grazing
188762,Small grain grazing
188763,Small grain grazing
188764,Lucerne/Medics
188765,Lucerne/Medics
188766,Lucerne/Medics
188767,Lucerne/Medics
188768,Lucerne/Medics
188779,Lucerne/Medics
188780,Lucerne/Medics
188781,Lucerne/Medics
188783,Canola
188785,Lucerne/Medics
188786,Lucerne/Medics
188787,Lucerne/Medics
188788,Lucerne/Medics
188789,Wheat
188790,Wheat
188791,Wheat
188792,Small grain grazing
188793,Small grain grazing
188795,Canola
188796,Small grain grazing
188797,Lucerne/Medics
188800,Lucerne/Medics
188805,Small grain grazing
188811,Lucerne/Medics
188812,Lucerne/Medics
188813,Lucerne/Medics
188814,Lucerne/Medics
188815,Lucerne/Medics
188816,Canola
188817,Wheat
188818,Wheat
188819,Wheat
188827,Lucerne/Medics
188833,Small grain grazing
188837,Small grain grazing
188855,Small grain grazing
188856,Lucerne/Medics
188857,Small grain grazing
188875,Small grain grazing
188877,Small grain grazing
188914,Canola
188915,Canola
188916,Canola
188917,Small grain grazing
188919,Small grain grazing
188920,Small grain grazing
188921,Small grain grazing
188922,Small grain grazing
188950,Small grain grazing
188968,Lucerne/Medics
188969,Lucerne/Medics
188986,Small grain grazing
188992,Small grain grazing
188993,Small grain grazing
188994,Small grain grazing
188996,Small grain grazing
188998,Small grain grazing
188999,Small grain grazing
189000,Lucerne/Medics
189001,Small grain grazing
189002,Lucerne/Medics
189003,Small grain grazing
189007,Lucerne/Medics
189008,Small grain grazing
189009,Lucerne/Medics
189010,Lucerne/Medics
189011,Lucerne/Medics
189012,Small grain grazing
189013,Small grain grazing
189014,Canola
189015,Wheat
189016,Wheat
189017,Small grain grazing
189018,Canola
189019,Wheat
189020,Small grain grazing
189021,Small grain grazing
189022,Small grain grazing
189023,Small grain grazing
189024,Small grain grazing
189025,Small grain grazing
189026,Small grain grazing
189027,Small grain grazing
189028,Small grain grazing
189029,Small grain grazing
189030,Small grain grazing
189034,Small grain grazing
189035,Small grain grazing
189036,Small grain grazing
189037,Small grain grazing
189038,Small grain grazing
189047,Small grain grazing
189048,Small grain grazing
189049,Small grain grazing
189051,Small grain grazing
189055,Small grain grazing
189056,Small grain grazing
189057,Small grain grazing
189062,Lucerne/Medics
189063,Lucerne/Medics
189064,Lucerne/Medics
189065,Lucerne/Medics
189066,Lucerne/Medics
189067,Small grain grazing
189068,Small grain grazing
189069,Small grain grazing
189070,Small grain grazing
189071,Small grain grazing
189072,Small grain grazing
189073,Small grain grazing
189074,Small grain grazing
189075,Small grain grazing
189076,Small grain grazing
189077,Small grain grazing
189078,Small grain grazing
189079,Small grain grazing
189080,Small grain grazing
189081,Small grain grazing
189082,Small grain grazing
189083,Small grain grazing
189084,Small grain grazing
189085,Small grain grazing
189086,Small grain grazing
189087,Small grain grazing
189088,Small grain grazing
189089,Small grain grazing
189090,Small grain grazing
189092,Small grain grazing
189093,Small grain grazing
189094,Small grain grazing
189095,Small grain grazing
189096,Small grain grazing
189102,Canola
189105,Lucerne/Medics
189106,Lucerne/Medics
189107,Lucerne/Medics
189108,Lucerne/Medics
189110,Lucerne/Medics
189111,Lucerne/Medics
189112,Lucerne/Medics
189114,Lucerne/Medics
189115,Lucerne/Medics
189116,Lucerne/Medics
189117,Lucerne/Medics
189118,Lucerne/Medics
189119,Lucerne/Medics
189120,Canola
189121,Lucerne/Medics
189122,Small grain grazing
189123,Small grain grazing
189124,Lucerne/Medics
189125,Small grain grazing
189126,Lucerne/Medics
189127,Lucerne/Medics
189128,Small grain grazing
189129,Canola
189132,Lucerne/Medics
189133,Small grain grazing
189134,Small grain grazing
189135,Small grain grazing
189136,Lucerne/Medics
189137,Small grain grazing
189138,Lucerne/Medics
189139,Canola
189140,Small grain grazing
189141,Small grain grazing
189142,Small grain grazing
189143,Small grain grazing
189144,Small grain grazing
189145,Canola
189146,Small grain grazing
189147,Small grain grazing
189148,Lucerne/Medics
189149,Lucerne/Medics
189150,Small grain grazing
189151,Small grain grazing
189152,Small grain grazing
189153,Small grain grazing
189154,Lucerne/Medics
189155,Lucerne/Medics
189156,Lucerne/Medics
189157,Lucerne/Medics
189158,Lucerne/Medics
189159,Lucerne/Medics
189160,Lucerne/Medics
189161,Lucerne/Medics
189162,Lucerne/Medics
189163,Small grain grazing
189164,Lucerne/Medics
189165,Lucerne/Medics
189166,Lucerne/Medics
189167,Lucerne/Medics
189168,Lucerne/Medics
189169,Lucerne/Medics
189170,Canola
189171,Lucerne/Medics
189172,Small grain grazing
189173,Small grain grazing
189174,Small grain grazing
189175,Canola
189176,Small grain grazing
189177,Small grain grazing
189178,Small grain grazing
189179,Wheat
189180,Lucerne/Medics
189181,Small grain grazing
189182,Lucerne/Medics
189183,Small grain grazing
189184,Small grain grazing
189185,Lucerne/Medics
189186,Small grain grazing
189187,Wheat
189188,Small grain grazing
189190,Small grain grazing
189191,Canola
189192,Small grain grazing
189193,Small grain grazing
189194,Wheat
189195,Wheat
189196,Wheat
189197,Lucerne/Medics
189198,Small grain grazing
189200,Small grain grazing
189201,Small grain grazing
189202,Small grain grazing
189203,Small grain grazing
189204,Small grain grazing
189206,Small grain grazing
189207,Small grain grazing
189209,Canola
189210,Canola
189211,Canola
189212,Lucerne/Medics
189213,Small grain grazing
189214,Small grain grazing
189215,Lucerne/Medics
189216,Small grain grazing
189218,Lucerne/Medics
189219,Small grain grazing
189220,Small grain grazing
189221,Small grain grazing
189222,Lucerne/Medics
189226,Small grain grazing
189227,Lucerne/Medics
189229,Lucerne/Medics
189230,Small grain grazing
189231,Small grain grazing
189232,Small grain grazing
189233,Small grain grazing
189235,Lucerne/Medics
189236,Small grain grazing
189237,Small grain grazing
189240,Small grain grazing
189241,Small grain grazing
189243,Small grain grazing
189244,Barley
189271,Small grain grazing
189312,Lucerne/Medics
189323,Lucerne/Medics
189324,Lucerne/Medics
189325,Small grain grazing
189330,Lucerne/Medics
189335,Lucerne/Medics
189356,Small grain grazing
189357,Small grain grazing
189361,Small grain grazing
189363,Wheat
189364,Canola
189404,Lucerne/Medics
189410,Lucerne/Medics
189411,Lucerne/Medics
189412,Lucerne/Medics
189413,Lucerne/Medics
189414,Canola
189415,Canola
189416,Lucerne/Medics
189433,Lucerne/Medics
189437,Small grain grazing
189581,Lucerne/Medics
189582,Lucerne/Medics
189583,Lucerne/Medics
189585,Lucerne/Medics
189586,Lucerne/Medics
189587,Lucerne/Medics
189588,Lucerne/Medics
189589,Lucerne/Medics
189590,Lucerne/Medics
189591,Lucerne/Medics
189592,Lucerne/Medics
189595,Lucerne/Medics
189596,Lucerne/Medics
189597,Lucerne/Medics
189598,Lucerne/Medics
189599,Lucerne/Medics
189600,Lucerne/Medics
189601,Lucerne/Medics
189602,Lucerne/Medics
189603,Lucerne/Medics
189604,Lucerne/Medics
189619,Lucerne/Medics
189629,Lucerne/Medics
189634,Wheat
189635,Lucerne/Medics
189636,Wheat
189637,Lucerne/Medics
189638,Lucerne/Medics
189639,Wheat
189640,Wheat
189641,Wheat
189642,Small grain grazing
189643,Canola
189644,Lucerne/Medics
189645,Wheat
189646,Canola
189648,Lucerne/Medics
189657,Lucerne/Medics
189658,Lucerne/Medics
189706,Lucerne/Medics
189805,Small grain grazing
189806,Lucerne/Medics
189807,Small grain grazing
189808,Small grain grazing
189809,Small grain grazing
189810,Small grain grazing
189811,Small grain grazing
189812,Small grain grazing
189813,Small grain grazing
189814,Small grain grazing
189815,Lucerne/Medics
189816,Lucerne/Medics
189817,Small grain grazing
189818,Small grain grazing
189819,Small grain grazing
189820,Small grain grazing
189821,Lucerne/Medics
189822,Lucerne/Medics
189823,Lucerne/Medics
189824,Lucerne/Medics
189825,Small grain grazing
189826,Small grain grazing
189827,Small grain grazing
189828,Small grain grazing
189829,Small grain grazing
189830,Lucerne/Medics
189831,Canola
189837,Lucerne/Medics
189839,Lucerne/Medics
189840,Lucerne/Medics
189841,Lucerne/Medics
189842,Canola
189843,Canola
189844,Lucerne/Medics
189850,Wheat
189857,Small grain grazing
189858,Small grain grazing
189871,Canola
189872,Canola
189879,Small grain grazing
189880,Small grain grazing
189883,Lucerne/Medics
189884,Small grain grazing
189885,Lucerne/Medics
189886,Small grain grazing
189887,Small grain grazing
189888,Small grain grazing
189898,Small grain grazing
189899,Small grain grazing
189900,Small grain grazing
189901,Small grain grazing
189902,Small grain grazing
189909,Small grain grazing
189910,Small grain grazing
189911,Small grain grazing
189912,Lucerne/Medics
189913,Canola
189914,Small grain grazing
189915,Lucerne/Medics
189916,Small grain grazing
189917,Small grain grazing
189918,Small grain grazing
189919,Lucerne/Medics
189922,Small grain grazing
189923,Barley
189924,Barley
189925,Canola
189926,Small grain grazing
189927,Canola
189929,Small grain grazing
189931,Small grain grazing
189934,Small grain grazing
189935,Small grain grazing
189936,Small grain grazing
189939,Wheat
189940,Small grain grazing
189941,Canola
189942,Wheat
189943,Wheat
189947,Canola
189949,Canola
189950,Canola
189951,Canola
189952,Canola
189953,Lucerne/Medics
189954,Lucerne/Medics
189955,Canola
189956,Lucerne/Medics
189957,Lucerne/Medics
189958,Lucerne/Medics
189959,Lucerne/Medics
189960,Lucerne/Medics
189961,Canola
189963,Small grain grazing
189964,Canola
189965,Small grain grazing
189966,Small grain grazing
189967,Barley
189968,Small grain grazing
189969,Small grain grazing
189970,Canola
189971,Wheat
189972,Canola
189978,Lucerne/Medics
189979,Wheat
189980,Wheat
189983,Canola
189984,Small grain grazing
189985,Wheat
189986,Wheat
189987,Wheat
189988,Wheat
189989,Small grain grazing
189990,Wheat
189991,Wheat
189992,Wheat
189995,Wheat
189996,Small grain grazing
189997,Canola
189998,Small grain grazing
189999,Small grain grazing
190000,Canola
190001,Small grain grazing
190002,Small grain grazing
190003,Small grain grazing
190004,Lucerne/Medics
190005,Small grain grazing
190006,Small grain grazing
190007,Small grain grazing
190008,Canola
190009,Canola
190010,Small grain grazing
190011,Small grain grazing
190012,Lucerne/Medics
190013,Lucerne/Medics
190014,Canola
190015,Small grain grazing
190016,Small grain grazing
190017,Canola
190018,Small grain grazing
190019,Small grain grazing
190020,Small grain grazing
190021,Small grain grazing
190022,Canola
190024,Wheat
190025,Wheat
190026,Wheat
190027,Wheat
190028,Wheat
190029,Small grain grazing
190030,Wheat
190031,Wheat
190032,Small grain grazing
190033,Wheat
190034,Wheat
190035,Wheat
190036,Canola
190037,Small grain grazing
190038,Wheat
190039,Wheat
190040,Wheat
190041,Wheat
190042,Small grain grazing
190043,Wheat
190044,Wheat
190045,Wheat
190046,Small grain grazing
190047,Wheat
190048,Wheat
190049,Small grain grazing
190050,Wheat
190051,Small grain grazing
190052,Small grain grazing
190053,Small grain grazing
190054,Small grain grazing
190055,Small grain grazing
190056,Wheat
190057,Wheat
190058,Wheat
190059,Small grain grazing
190060,Wheat
190061,Wheat
190062,Canola
190063,Canola
190064,Barley
190065,Wheat
190066,Small grain grazing
190085,Canola
190086,Small grain grazing
190087,Lucerne/Medics
190088,Small grain grazing
190089,Lucerne/Medics
190090,Small grain grazing
190091,Lucerne/Medics
190092,Small grain grazing
190093,Canola
190094,Small grain grazing
190096,Small grain grazing
190097,Wheat
190098,Canola
190099,Canola
190100,Canola
190101,Canola
190102,Canola
190103,Canola
190104,Barley
190105,Lucerne/Medics
190106,Lucerne/Medics
190107,Canola
190108,Lucerne/Medics
190109,Wheat
190110,Wheat
190111,Wheat
190112,Lucerne/Medics
190113,Small grain grazing
190114,Wheat
190115,Wheat
190116,Canola
190117,Small grain grazing
190118,Wheat
190119,Wheat
190120,Small grain grazing
190121,Wheat
190122,Wheat
190123,Small grain grazing
190124,Small grain grazing
190125,Small grain grazing
190126,Small grain grazing
190127,Lucerne/Medics
190128,Lucerne/Medics
190129,Small grain grazing
190130,Lucerne/Medics
190131,Wheat
190132,Canola
190133,Canola
190134,Canola
190135,Wheat
190136,Small grain grazing
190137,Small grain grazing
190138,Small grain grazing
190139,Small grain grazing
190140,Small grain grazing
190141,Small grain grazing
190142,Small grain grazing
190143,Small grain grazing
190144,Canola
190145,Canola
190147,Canola
190148,Barley
190149,Barley
190150,Small grain grazing
190151,Canola
190152,Canola
190153,Small grain grazing
190154,Small grain grazing
190155,Small grain grazing
190156,Wheat
190157,Canola
190158,Small grain grazing
190159,Small grain grazing
190160,Wheat
190161,Small grain grazing
190162,Wheat
190163,Small grain grazing
190164,Lucerne/Medics
190165,Canola
190166,Lucerne/Medics
190167,Canola
190168,Lucerne/Medics
190169,Canola
190170,Canola
190172,Small grain grazing
190174,Canola
190175,Wheat
190177,Wheat
190178,Small grain grazing
190179,Lucerne/Medics
190180,Lucerne/Medics
190181,Lucerne/Medics
190182,Lucerne/Medics
190183,Lucerne/Medics
190184,Lucerne/Medics
190185,Lucerne/Medics
190186,Small grain grazing
190187,Canola
190188,Lucerne/Medics
190189,Lucerne/Medics
190190,Lucerne/Medics
190191,Lucerne/Medics
190192,Small grain grazing
190193,Lucerne/Medics
190194,Small grain grazing
190195,Small grain grazing
190196,Small grain grazing
190198,Lucerne/Medics
190199,Lucerne/Medics
190200,Small grain grazing
190205,Small grain grazing
190206,Lucerne/Medics
190208,Small grain grazing
190209,Small grain grazing
190210,Lucerne/Medics
190211,Small grain grazing
190212,Lucerne/Medics
190213,Small grain grazing
190214,Lucerne/Medics
190215,Lucerne/Medics
190216,Lucerne/Medics
190219,Wheat
190220,Wheat
190221,Wheat
190224,Canola
190225,Canola
190226,Lucerne/Medics
190227,Canola
190228,Small grain grazing
190229,Canola
190230,Canola
190231,Canola
190232,Canola
190237,Lucerne/Medics
190240,Lucerne/Medics
190241,Lucerne/Medics
190242,Canola
190243,Lucerne/Medics
190244,Small grain grazing
190245,Small grain grazing
190246,Wheat
190247,Small grain grazing
190248,Wheat
190249,Wheat
190250,Lucerne/Medics
190253,Barley
190254,Lucerne/Medics
190255,Canola
190256,Lucerne/Medics
190257,Small grain grazing
190258,Wheat
190259,Barley
190260,Wheat
190261,Wheat
190262,Wheat
190263,Small grain grazing
190264,Wheat
190265,Wheat
190266,Lucerne/Medics
190267,Lucerne/Medics
190268,Wheat
190269,Barley
190270,Lucerne/Medics
190271,Lucerne/Medics
190273,Wheat
190297,Lucerne/Medics
190298,Lucerne/Medics
190299,Lucerne/Medics
190302,Lucerne/Medics
190303,Small grain grazing
190304,Canola
190305,Lucerne/Medics
190306,Small grain grazing
190307,Canola
190308,Canola
190309,Wheat
190310,Lucerne/Medics
190311,Lucerne/Medics
190312,Lucerne/Medics
190313,Canola
190314,Canola
190315,Lucerne/Medics
190316,Lucerne/Medics
190317,Lucerne/Medics
190318,Small grain grazing
190319,Wheat
190320,Canola
190321,Lucerne/Medics
190322,Lucerne/Medics
190324,Lucerne/Medics
190325,Lucerne/Medics
190344,Lucerne/Medics
190347,Lucerne/Medics
190348,Lucerne/Medics
190349,Lucerne/Medics
190350,Lucerne/Medics
190351,Lucerne/Medics
190521,Small grain grazing
190522,Small grain grazing
190523,Small grain grazing
190524,Wheat
190526,Wheat
190527,Wheat
190528,Canola
190529,Wheat
190530,Wheat
190531,Small grain grazing
190532,Small grain grazing
190533,Small grain grazing
190534,Wheat
190535,Wheat
190536,Canola
190537,Canola
190538,Wheat
190539,Wheat
190540,Wheat
190541,Wheat
190542,Wheat
190543,Wheat
190544,Wheat
190545,Wheat
190546,Wheat
190547,Wheat
190548,Wheat
190549,Wheat
190550,Wheat
190551,Wheat
190552,Small grain grazing
190553,Wheat
190554,Wheat
190555,Small grain grazing
190556,Small grain grazing
190557,Wheat
190558,Wheat
190559,Wheat
190560,Wheat
190561,Wheat
190562,Wheat
190563,Small grain grazing
190564,Small grain grazing
190565,Wheat
190566,Canola
190567,Small grain grazing
190568,Wheat
190569,Wheat
190570,Small grain grazing
190571,Wheat
190572,Wheat
190573,Canola
190574,Small grain grazing
190575,Wheat
190576,Wheat
190577,Small grain grazing
190578,Wheat
190579,Wheat
190581,Small grain grazing
190582,Wheat
190583,Wheat
190584,Wheat
190585,Wheat
190586,Wheat
190587,Wheat
190588,Wheat
190589,Wheat
190590,Small grain grazing
190591,Wheat
190592,Wheat
190593,Wheat
190594,Wheat
190595,Wheat
190596,Small grain grazing
190597,Wheat
190598,Small grain grazing
190599,Wheat
190600,Small grain grazing
190601,Small grain grazing
190602,Small grain grazing
190603,Small grain grazing
190604,Wheat
190605,Wheat
190606,Wheat
190607,Wheat
190608,Canola
190609,Wheat
190610,Wheat
190611,Wheat
190612,Wheat
190613,Wheat
190614,Small grain grazing
190615,Wheat
190616,Wheat
190617,Small grain grazing
190618,Small grain grazing
190619,Canola
190620,Wheat
190621,Wheat
190622,Wheat
190623,Canola
190624,Wheat
190625,Wheat
190626,Wheat
190627,Wheat
190628,Wheat
190629,Wheat
190630,Wheat
190631,Wheat
190632,Wheat
190633,Canola
190634,Canola
190635,Wheat
190636,Small grain grazing
190637,Small grain grazing
190638,Small grain grazing
190639,Wheat
190640,Small grain grazing
190641,Small grain grazing
190642,Wheat
190643,Wheat
190644,Wheat
190645,Wheat
190646,Canola
190647,Small grain grazing
190648,Wheat
190649,Wheat
190650,Wheat
190651,Wheat
190652,Wheat
190653,Canola
190654,Wheat
190655,Wheat
190656,Wheat
190657,Wheat
190658,Canola
190659,Wheat
190660,Wheat
190661,Wheat
190662,Wheat
190663,Wheat
190664,Wheat
190665,Lucerne/Medics
190666,Lucerne/Medics
190667,Lucerne/Medics
190668,Wheat
190669,Wheat
190670,Wheat
190671,Wheat
190672,Wheat
190673,Small grain grazing
190674,Small grain grazing
190675,Small grain grazing
190676,Wheat
190677,Small grain grazing
190678,Small grain grazing
190679,Small grain grazing
190680,Small grain grazing
190681,Small grain grazing
190682,Small grain grazing
190683,Small grain grazing
190684,Small grain grazing
190685,Small grain grazing
190686,Small grain grazing
190687,Small grain grazing
190688,Small grain grazing
190689,Wheat
190690,Small grain grazing
190691,Small grain grazing
190692,Small grain grazing
190693,Wheat
190694,Small grain grazing
190695,Small grain grazing
190696,Small grain grazing
190697,Small grain grazing
190698,Small grain grazing
190699,Small grain grazing
190700,Canola
190701,Small grain grazing
190702,Small grain grazing
190703,Wheat
190704,Wheat
190705,Canola
190706,Small grain grazing
190707,Wheat
190708,Canola
190709,Small grain grazing
190710,Small grain grazing
190711,Wheat
190712,Small grain grazing
190713,Wheat
190714,Wheat
190715,Wheat
190716,Wheat
190717,Wheat
190718,Wheat
190719,Wheat
190720,Small grain grazing
190721,Wheat
190722,Wheat
190723,Wheat
190724,Small grain grazing
190725,Lucerne/Medics
190726,Wheat
190727,Wheat
190728,Lucerne/Medics
190729,Wheat
190730,Small grain grazing
190731,Wheat
190732,Wheat
190733,Wheat
190734,Wheat
190735,Wheat
190736,Small grain grazing
190737,Lucerne/Medics
190738,Wheat
190739,Small grain grazing
190740,Lucerne/Medics
190741,Small grain grazing
190742,Wheat
190743,Small grain grazing
190744,Wheat
190745,Wheat
190746,Small grain grazing
190747,Wheat
190748,Lucerne/Medics
190749,Lucerne/Medics
190750,Canola
190751,Wheat
190752,Wheat
190753,Canola
190754,Canola
190755,Wheat
190756,Wheat
190757,Wheat
190758,Lucerne/Medics
190759,Wheat
190760,Wheat
190761,Lucerne/Medics
190762,Wheat
190768,Canola
190769,Barley
190770,Barley
190790,Wheat
190791,Lucerne/Medics
190792,Lucerne/Medics
190793,Lucerne/Medics
190794,Lucerne/Medics
190795,Lucerne/Medics
190796,Lucerne/Medics
190797,Wheat
190798,Lucerne/Medics
190799,Small grain grazing
190800,Lucerne/Medics
190801,Barley
190802,Wheat
190803,Wheat
190804,Lucerne/Medics
190805,Lucerne/Medics
190806,Barley
190810,Lucerne/Medics
190811,Small grain grazing
190812,Small grain grazing
190813,Small grain grazing
190814,Lucerne/Medics
190815,Lucerne/Medics
190816,Lucerne/Medics
190817,Lucerne/Medics
190818,Lucerne/Medics
190819,Canola
190820,Lucerne/Medics
190821,Lucerne/Medics
190822,Lucerne/Medics
190823,Lucerne/Medics
190824,Lucerne/Medics
190825,Lucerne/Medics
190826,Small grain grazing
190827,Canola
190828,Lucerne/Medics
190829,Lucerne/Medics
190830,Lucerne/Medics
190831,Lucerne/Medics
190832,Lucerne/Medics
190833,Lucerne/Medics
190834,Lucerne/Medics
190835,Lucerne/Medics
190836,Small grain grazing
190839,Lucerne/Medics
190840,Lucerne/Medics
190841,Small grain grazing
190842,Wheat
190843,Canola
190844,Wheat
190848,Lucerne/Medics
190849,Lucerne/Medics
190850,Lucerne/Medics
190851,Small grain grazing
190852,Small grain grazing
190867,Lucerne/Medics
190872,Lucerne/Medics
190873,Lucerne/Medics
190874,Lucerne/Medics
190875,Small grain grazing
190876,Lucerne/Medics
190877,Lucerne/Medics
190878,Lucerne/Medics
190879,Lucerne/Medics
190880,Lucerne/Medics
190881,Lucerne/Medics
190882,Wheat
190883,Small grain grazing
190884,Small grain grazing
190885,Lucerne/Medics
190886,Lucerne/Medics
190988,Wheat
190989,Small grain grazing
190990,Wheat
190991,Wheat
190993,Wheat
190994,Small grain grazing
190995,Wheat
190996,Wheat
190997,Wheat
190998,Wheat
190999,Wheat
191000,Wheat
191001,Small grain grazing
191002,Small grain grazing
191003,Wheat
191004,Wheat
191005,Wheat
191006,Wheat
191007,Wheat
191008,Wheat
191009,Small grain grazing
191011,Small grain grazing
191012,Small grain grazing
191013,Wheat
191014,Wheat
191015,Wheat
191016,Wheat
191017,Wheat
191018,Wheat
191019,Small grain grazing
191020,Wheat
191021,Wheat
191022,Wheat
191023,Wheat
191024,Small grain grazing
191025,Wheat
191026,Wheat
191027,Wheat
191028,Wheat
191029,Wheat
191030,Wheat
191031,Small grain grazing
191032,Wheat
191033,Wheat
191034,Small grain grazing
191035,Small grain grazing
191036,Wheat
191037,Small grain grazing
191039,Canola
191040,Canola
191041,Small grain grazing
191042,Barley
191043,Wheat
191044,Wheat
191045,Wheat
191046,Wheat
191049,Wheat
191059,Wheat
191060,Wheat
191061,Wheat
191077,Canola
191078,Wheat
191079,Wheat
191085,Small grain grazing
191086,Small grain grazing
191087,Small grain grazing
191088,Small grain grazing
191089,Small grain grazing
191090,Wheat
191091,Wheat
191093,Small grain grazing
191094,Small grain grazing
191095,Small grain grazing
191097,Small grain grazing
191102,Small grain grazing
191103,Wheat
191104,Wheat
191105,Wheat
191106,Wheat
191107,Wheat
191108,Wheat
191109,Wheat
191110,Wheat
191115,Small grain grazing
191116,Wheat
191117,Wheat
191118,Wheat
191119,Wheat
191120,Wheat
191122,Small grain grazing
191123,Wheat
191124,Small grain grazing
191125,Wheat
191126,Small grain grazing
191127,Canola
191128,Small grain grazing
191129,Barley
191130,Wheat
191132,Small grain grazing
191133,Small grain grazing
191134,Small grain grazing
191135,Small grain grazing
191138,Wheat
191139,Wheat
191140,Small grain grazing
191141,Wheat
191142,Small grain grazing
191144,Small grain grazing
191145,Small grain grazing
191148,Wheat
191149,Small grain grazing
191150,Small grain grazing
191152,Wheat
191165,Wheat
191167,Wheat
191168,Wheat
191169,Lucerne/Medics
191170,Lucerne/Medics
191171,Small grain grazing
191172,Wheat
191173,Small grain grazing
191174,Small grain grazing
191175,Lucerne/Medics
191176,Small grain grazing
191177,Small grain grazing
191178,Small grain grazing
191179,Small grain grazing
191180,Small grain grazing
191181,Lucerne/Medics
191182,Canola
191183,Barley
191184,Wheat
191185,Wheat
191186,Small grain grazing
191188,Wheat
191189,Lucerne/Medics
191190,Canola
191191,Lucerne/Medics
191192,Lucerne/Medics
191193,Wheat
191196,Wheat
191198,Wheat
191209,Small grain grazing
191211,Small grain grazing
191212,Wheat
191213,Wheat
191221,Lucerne/Medics
191222,Wheat
191223,Lucerne/Medics
191224,Lucerne/Medics
191225,Lucerne/Medics
191226,Lucerne/Medics
191227,Canola
191228,Lucerne/Medics
191229,Small grain grazing
191230,Wheat
191231,Wheat
191233,Canola
191234,Lucerne/Medics
191239,Wheat
191251,Lucerne/Medics
191252,Small grain grazing
191255,Lucerne/Medics
191257,Wheat
191261,Small grain grazing
191262,Small grain grazing
191263,Lucerne/Medics
191264,Wheat
191265,Lucerne/Medics
191266,Wheat
191267,Wheat
191268,Wheat
191269,Lucerne/Medics
191270,Wheat
191272,Wheat
191273,Wheat
191274,Lucerne/Medics
191276,Lucerne/Medics
191277,Small grain grazing
191278,Small grain grazing
191280,Lucerne/Medics
191283,Lucerne/Medics
191284,Lucerne/Medics
191285,Lucerne/Medics
191286,Lucerne/Medics
191287,Lucerne/Medics
191288,Lucerne/Medics
191289,Lucerne/Medics
191290,Small grain grazing
191291,Small grain grazing
191292,Small grain grazing
191293,Small grain grazing
191294,Lucerne/Medics
191295,Small grain grazing
191296,Small grain grazing
191297,Small grain grazing
191299,Small grain grazing
191300,Small grain grazing
191301,Small grain grazing
191303,Lucerne/Medics
191307,Lucerne/Medics
191308,Lucerne/Medics
191310,Lucerne/Medics
191311,Wheat
191312,Canola
191314,Canola
191315,Wheat
191333,Lucerne/Medics
191349,Lucerne/Medics
192347,Lucerne/Medics
192349,Small grain grazing
192350,Lucerne/Medics
192355,Wheat
192356,Small grain grazing
192357,Small grain grazing
192358,Small grain grazing
192359,Small grain grazing
192360,Lucerne/Medics
270019,Small grain grazing
270020,Small grain grazing
270021,Small grain grazing
270529,Small grain grazing
272354,Small grain grazing
272355,Small grain grazing
272429,Small grain grazing
272640,Wheat
272740,Small grain grazing
